-35.600006, -7.000007, 8.000000, -31.599976, -11.999983, 8.499969, -31.600037, -1.999986, 7.500031, 0.031036, 0.065425, -0.005829, 0.000000,-35.568970, -6.934582, 7.994171, -31.557007, -11.933013, 8.405853, -31.582703, -1.932157, 7.415009, 0, 0
-35.568970, -6.934582, 7.994171, -31.557007, -11.933013, 8.405853, -31.582703, -1.932157, 7.415009, 0.999573, -0.058268, -0.005219, 0.000000,-34.569397, -6.992850, 7.988953, -30.557343, -11.991244, 8.400391, -30.583221, -1.990399, 7.409424, 0, 0
-34.569397, -6.992850, 7.988953, -30.557343, -11.991244, 8.400391, -30.583221, -1.990399, 7.409424, 0.979675, -0.038087, -0.005341, 0.000000,-33.589722, -7.030937, 7.983612, -29.577606, -12.029292, 8.394836, -29.603638, -2.028468, 7.403687, 0, 0
-33.589722, -7.030937, 7.983612, -29.577606, -12.029292, 8.394836, -29.603638, -2.028468, 7.403687, -0.055786, 0.803362, 0.004974, 0.000000,-33.645508, -6.227574, 7.988586, -29.633484, -11.225950, 8.400360, -29.659332, -1.225209, 7.408356, 0, 0
-33.645508, -6.227574, 7.988586, -29.633484, -11.225950, 8.400360, -29.659332, -1.225209, 7.408356, -0.062073, 0.939430, 0.004059, 0.000000,-33.707581, -5.288145, 7.992645, -29.695618, -10.286534, 8.404968, -29.721313, -0.285876, 7.412079, 0, 0
-33.707581, -5.288145, 7.992645, -29.695618, -10.286534, 8.404968, -29.721313, -0.285876, 7.412079, 0.999634, -0.017761, -0.005188, 0.000000,-32.707947, -5.305905, 7.987457, -28.695923, -10.304248, 8.399597, -28.721771, -0.303615, 7.406525, 0, 0
-32.707947, -5.305905, 7.987457, -28.695923, -10.304248, 8.399597, -28.721771, -0.303615, 7.406525, 0.979919, -0.019480, -0.008148, 0.000000,-31.728027, -5.325386, 7.979309, -27.715942, -10.323704, 8.391235, -27.741943, -0.323092, 7.397949, 0, 0
-31.728027, -5.325386, 7.979309, -27.715942, -10.323704, 8.391235, -27.741943, -0.323092, 7.397949, 0.619598, -0.018720, -0.003754, 0.000000,-31.108429, -5.344106, 7.975555, -27.096313, -10.342419, 8.387299, -27.122345, -0.341808, 7.393951, 0, 0
-31.108429, -5.344106, 7.975555, -27.096313, -10.342419, 8.387299, -27.122345, -0.341808, 7.393951, -0.042542, 0.838943, 0.004822, 0.000000,-31.150970, -4.505163, 7.980377, -27.138916, -9.503490, 8.392670, -27.164825, 0.497034, 7.398468, 0, 0
-31.150970, -4.505163, 7.980377, -27.138916, -9.503490, 8.392670, -27.164825, 0.497034, 7.398468, 0.859528, -0.018342, -0.004791, 0.000000,-30.291443, -4.523506, 7.975586, -26.279358, -9.521816, 8.387695, -26.305359, 0.478694, 7.393372, 0, 0
-30.291443, -4.523506, 7.975586, -26.279358, -9.521816, 8.387695, -26.305359, 0.478694, 7.393372, -0.061737, 0.800005, 0.004791, 0.000000,-30.353180, -3.723500, 7.980377, -26.341156, -8.721805, 8.393005, -26.367035, 1.278629, 7.397888, 0, 0
-30.353180, -3.723500, 7.980377, -26.341156, -8.721805, 8.393005, -26.367035, 1.278629, 7.397888, 1.000000, -0.021166, -0.013489, 0.000000,-29.351959, -3.744666, 7.966888, -25.339874, -8.742952, 8.379272, -25.365875, 1.257472, 7.384033, 0, 0
-29.351959, -3.744666, 7.966888, -25.339874, -8.742952, 8.379272, -25.365875, 1.257472, 7.384033, -0.042053, 0.918028, 0.002533, 0.000000,-29.394012, -2.826638, 7.969421, -25.382019, -7.824946, 8.382355, -25.407837, 2.175388, 7.386230, 0, 0
-29.394012, -2.826638, 7.969421, -25.382019, -7.824946, 8.382355, -25.407837, 2.175388, 7.386230, 0.999939, 0.001441, -0.007507, 0.000000,-28.394073, -2.825196, 7.961914, -24.382019, -7.823487, 8.374634, -24.407959, 2.176828, 7.378357, 0, 0
-28.394073, -2.825196, 7.961914, -24.382019, -7.823487, 8.374634, -24.407959, 2.176828, 7.378357, 0.977966, 0.001588, -0.948700, 0.000000,-27.416107, -2.823608, 7.013214, -23.403870, -7.821804, 7.425323, -23.430206, 2.178522, 6.429169, 0, 0
-27.416107, -2.823608, 7.013214, -23.403870, -7.821804, 7.425323, -23.430206, 2.178522, 6.429169, 0.959045, -0.218220, -0.528259, 0.000000,-26.457062, -3.041829, 6.484955, -22.444733, -8.039981, 6.896454, -22.471283, 1.960379, 5.900604, 0, 0
-26.457062, -3.041829, 6.484955, -22.444733, -8.039981, 6.896454, -22.471283, 1.960379, 5.900604, 0.759430, -0.038549, -0.005035, 0.000000,-25.697632, -3.080378, 6.479919, -21.685272, -8.078531, 6.891205, -21.711884, 1.921825, 5.895355, 0, 0
-25.697632, -3.080378, 6.479919, -21.685272, -8.078531, 6.891205, -21.711884, 1.921825, 5.895355, 0.940460, -0.000776, -0.011139, 0.000000,-24.757172, -3.081154, 6.468781, -20.744812, -8.079340, 6.879822, -20.771423, 1.921011, 5.883911, 0, 0
-24.757172, -3.081154, 6.468781, -20.744812, -8.079340, 6.879822, -20.771423, 1.921011, 5.883911, 0.919495, -0.038671, -0.007111, 0.000000,-23.837677, -3.119826, 6.461670, -19.825317, -8.118027, 6.872437, -19.851959, 1.882332, 5.876556, 0, 0
-23.837677, -3.119826, 6.461670, -19.825317, -8.118027, 6.872437, -19.851959, 1.882332, 5.876556, -0.041382, 0.858689, 0.002136, 0.000000,-23.879059, -2.261137, 6.463806, -19.866760, -7.259345, 6.875092, -19.893250, 2.740922, 5.878326, 0, 0
-23.879059, -2.261137, 6.463806, -19.866760, -7.259345, 6.875092, -19.893250, 2.740922, 5.878326, -0.061768, 0.718417, 0.003601, 0.000000,-23.940826, -1.542720, 6.467407, -19.928589, -6.540930, 6.879150, -19.954987, 3.459269, 5.881653, 0, 0
-23.940826, -1.542720, 6.467407, -19.928589, -6.540930, 6.879150, -19.954987, 3.459269, 5.881653, 0.859894, -0.019207, -0.007690, 0.000000,-23.080933, -1.561926, 6.459717, -19.068695, -6.560159, 6.871216, -19.095093, 3.440039, 5.873718, 0, 0
-23.080933, -1.561926, 6.459717, -19.068695, -6.560159, 6.871216, -19.095093, 3.440039, 5.873718, 0.999176, 0.001056, -0.008759, 0.000000,-22.081757, -1.560871, 6.450958, -18.069519, -6.559133, 6.862152, -18.095917, 3.441067, 5.864716, 0, 0
-22.081757, -1.560871, 6.450958, -18.069519, -6.559133, 6.862152, -18.095917, 3.441067, 5.864716, 0.939209, -0.059024, -0.007690, 0.000000,-21.142548, -1.619895, 6.443268, -17.130341, -6.618209, 6.854126, -17.156708, 3.382000, 5.856812, 0, 0
-21.142548, -1.619895, 6.443268, -17.130341, -6.618209, 6.854126, -17.156708, 3.382000, 5.856812, 0.778381, 0.000123, -0.649445, 0.000000,-20.364166, -1.619772, 5.793823, -16.351929, -6.618094, 6.204193, -16.378387, 3.382143, 5.207123, 0, 0
-20.364166, -1.619772, 5.793823, -16.351929, -6.618094, 6.204193, -16.378387, 3.382143, 5.207123, 0.999146, 0.000801, -0.008362, 0.000000,-19.365021, -1.618971, 5.785461, -15.352814, -6.617357, 6.195526, -15.379181, 3.382887, 5.198517, 0, 0
-19.365021, -1.618971, 5.785461, -15.352814, -6.617357, 6.195526, -15.379181, 3.382887, 5.198517, 0.920044, -0.001162, -0.010376, 0.000000,-18.444977, -1.620133, 5.775085, -14.432861, -6.618598, 6.184845, -14.459076, 3.381657, 5.187958, 0, 0
-18.444977, -1.620133, 5.775085, -14.432861, -6.618598, 6.184845, -14.459076, 3.381657, 5.187958, 0.979187, 0.000777, -0.008545, 0.000000,-17.465790, -1.619356, 5.766541, -13.453705, -6.617887, 6.175995, -13.479858, 3.382376, 5.179199, 0, 0
-17.465790, -1.619356, 5.766541, -13.453705, -6.617887, 6.175995, -13.479858, 3.382376, 5.179199, 0.919586, -0.040215, -0.009338, 0.000000,-16.546204, -1.659570, 5.757202, -12.534210, -6.658211, 6.166290, -12.560181, 3.342079, 5.169708, 0, 0
-16.546204, -1.659570, 5.757202, -12.534210, -6.658211, 6.166290, -12.560181, 3.342079, 5.169708, 0.999573, -0.000220, -0.010162, 0.000000,-15.546631, -1.659791, 5.747040, -11.534729, -6.658531, 6.155792, -11.560547, 3.341772, 5.159393, 0, 0
-15.546631, -1.659791, 5.747040, -11.534729, -6.658531, 6.155792, -11.560547, 3.341772, 5.159393, 0.779663, -0.040076, -0.007660, 0.000000,-14.766968, -1.699867, 5.739380, -10.755157, -6.698692, 6.147827, -10.780792, 3.301636, 5.151642, 0, 0
-14.766968, -1.699867, 5.739380, -10.755157, -6.698692, 6.147827, -10.780792, 3.301636, 5.151642, 0.999725, -0.001362, -0.010498, 0.000000,-13.767242, -1.701229, 5.728882, -9.755554, -6.700191, 6.136993, -9.780945, 3.300156, 5.141022, 0, 0
-13.767242, -1.701229, 5.728882, -9.755554, -6.700191, 6.136993, -9.780945, 3.300156, 5.141022, 0.999023, -0.000463, -0.010040, 0.000000,-12.768219, -1.701692, 5.718842, -8.756683, -6.700787, 6.126587, -8.781830, 3.299583, 5.130859, 0, 0
-12.768219, -1.701692, 5.718842, -8.756683, -6.700787, 6.126587, -8.781830, 3.299583, 5.130859, 0.999512, -0.040872, -0.010315, 0.000000,-11.768707, -1.742564, 5.708527, -7.757294, -6.741804, 6.115875, -7.782166, 3.258600, 5.120453, 0, 0
-11.768707, -1.742564, 5.708527, -7.757294, -6.741804, 6.115875, -7.782166, 3.258600, 5.120453, 0.698456, 0.459458, -0.005371, 0.000000,-11.070251, -1.283105, 5.703156, -7.058990, -6.282456, 6.110474, -7.083588, 3.717928, 5.114807, 0, 0
-11.070251, -1.283105, 5.703156, -7.058990, -6.282456, 6.110474, -7.083588, 3.717928, 5.114807, 0.759430, -0.001034, -0.008209, 0.000000,-10.310822, -1.284140, 5.694946, -6.299683, -6.283615, 6.101959, -6.324036, 3.716793, 5.106537, 0, 0
-10.310822, -1.284140, 5.694946, -6.299683, -6.283615, 6.101959, -6.324036, 3.716793, 5.106537, 0.999603, -0.121228, -0.010925, 0.000000,-9.311218, -1.405368, 5.684021, -5.300232, -6.405016, 6.090607, -5.324280, 3.595440, 5.095642, 0, 0
-9.311218, -1.405368, 5.684021, -5.300232, -6.405016, 6.090607, -5.324280, 3.595440, 5.095642, 0.959747, -0.002246, -0.010803, 0.000000,-8.351471, -1.407614, 5.673218, -4.340698, -6.407445, 6.079407, -4.364380, 3.593042, 5.084778, 0, 0
-8.351471, -1.407614, 5.673218, -4.340698, -6.407445, 6.079407, -4.364380, 3.593042, 5.084778, 0.999084, -0.002170, -0.010742, -0.950000,-7.352386, -1.409784, 5.662476, -3.341797, -6.409816, 6.068268, -3.365051, 3.590711, 5.074036, 0, 0
-7.352386, -1.409784, 5.662476, -3.341797, -6.409816, 6.068268, -3.365051, 3.590711, 5.074036, -0.000061, -0.000156, 0.000214, -0.650000,-7.352448, -1.409940, 5.662689, -3.341858, -5.459954, 6.069122, -3.365112, 2.640507, 5.073792, 0, 0
-7.352448, -1.409940, 5.662689, -3.341858, -5.459954, 6.069122, -3.365112, 2.640507, 5.073792, -0.004700, -0.001632, 0.104462, 0.000000,-7.357147, -1.411572, 5.767151, -3.345154, -5.201645, 6.158722, -3.372009, 2.378790, 5.163177, 1, -1
-35.600006, -7.000007, 8.000000, -31.599976, -11.999983, 8.499969, -31.600037, -1.999986, 7.500031, 0.000854, 0.062911, 0.608978, 0.000000,-35.599152, -6.937096, 8.608978, -31.582184, -11.935832, 8.964752, -31.621033, -1.935064, 7.973389, 0, 0
-35.599152, -6.937096, 8.608978, -31.582184, -11.935832, 8.964752, -31.621033, -1.935064, 7.973389, 0.839355, 0.001823, -0.003632, 0.000000,-34.759796, -6.935273, 8.605347, -30.742737, -11.933964, 8.960907, -30.781769, -1.933209, 7.969421, 0, 0
-34.759796, -6.935273, 8.605347, -30.742737, -11.933964, 8.960907, -30.781769, -1.933209, 7.969421, 0.999084, 0.001536, -0.005646, 0.000000,-33.760712, -6.933737, 8.599701, -29.743591, -11.932404, 8.955017, -29.782776, -1.931672, 7.963318, 0, 0
-33.760712, -6.933737, 8.599701, -29.743591, -11.932404, 8.955017, -29.782776, -1.931672, 7.963318, 0.999390, 0.001669, -0.005310, 0.000000,-32.761322, -6.932068, 8.594391, -28.744171, -11.930711, 8.949463, -28.783447, -1.930000, 7.957611, 0, 0
-32.761322, -6.932068, 8.594391, -28.744171, -11.930711, 8.949463, -28.783447, -1.930000, 7.957611, 1.000000, -0.001992, -0.515839, 0.000000,-31.760864, -6.934059, 8.078552, -27.743561, -11.932609, 8.433136, -27.783203, -1.931896, 7.441284, 0, 0
-31.760864, -6.934059, 8.078552, -27.743561, -11.932609, 8.433136, -27.783203, -1.931896, 7.441284, 0.999359, 0.001227, -0.005951, 0.000000,-30.761505, -6.932832, 8.072601, -26.744171, -11.931378, 8.426941, -26.783875, -1.930680, 7.434937, 0, 0
-30.761505, -6.932832, 8.072601, -26.744171, -11.931378, 8.426941, -26.783875, -1.930680, 7.434937, 0.999359, -0.038363, -0.006439, 0.000000,-29.762146, -6.971195, 8.066162, -25.744751, -11.969724, 8.420227, -25.784607, -1.969037, 7.428131, 0, 0
-29.762146, -6.971195, 8.066162, -25.744751, -11.969724, 8.420227, -25.784607, -1.969037, 7.428131, 0.999756, -0.000451, -0.471954, 0.000000,-28.762390, -6.971646, 7.594208, -24.744904, -11.970119, 7.947784, -24.784973, -1.969424, 6.955780, 0, 0
-28.762390, -6.971646, 7.594208, -24.744904, -11.970119, 7.947784, -24.784973, -1.969424, 6.955780, 0.999176, -0.018959, -0.007690, 0.000000,-27.763214, -6.990605, 7.586517, -23.745697, -11.989092, 7.939850, -23.785828, -1.988407, 6.947754, 0, 0
-27.763214, -6.990605, 7.586517, -23.745697, -11.989092, 7.939850, -23.785828, -1.988407, 6.947754, 0.997406, 1.000000, -0.002441, 0.000000,-26.765808, -5.990002, 7.584076, -22.748352, -10.988505, 7.937744, -22.788391, -0.987926, 6.944550, 0, 0
-26.765808, -5.990002, 7.584076, -22.748352, -10.988505, 7.937744, -22.788391, -0.987926, 6.944550, 0.998566, 0.501090, -0.005280, 0.000000,-25.767242, -5.488912, 7.578796, -21.749817, -10.487428, 7.932465, -21.789825, -0.486905, 6.938751, 0, 0
-25.767242, -5.488912, 7.578796, -21.749817, -10.487428, 7.932465, -21.789825, -0.486905, 6.938751, 1.000000, -0.020916, -0.011627, 0.000000,-24.766663, -5.509828, 7.567169, -20.749207, -10.508362, 7.920532, -20.789276, -0.507837, 6.926819, 0, 0
-24.766663, -5.509828, 7.567169, -20.749207, -10.508362, 7.920532, -20.789276, -0.507837, 6.926819, 0.699554, 0.100341, -0.005402, 0.000000,-24.067108, -5.409487, 7.561768, -20.049683, -10.408037, 7.914978, -20.089722, -0.407520, 6.921204, 0, 0
-24.067108, -5.409487, 7.561768, -20.049683, -10.408037, 7.914978, -20.089722, -0.407520, 6.921204, 0.978607, 0.540355, -0.006500, 0.000000,-23.088501, -4.869132, 7.555267, -19.071106, -9.867715, 7.908478, -19.111084, 0.132750, 6.914154, 0, 0
-23.088501, -4.869132, 7.555267, -19.071106, -9.867715, 7.908478, -19.111084, 0.132750, 6.914154, 0.998749, 0.520268, -0.007172, 0.000000,-22.089752, -4.348864, 7.548096, -18.072388, -9.347484, 7.901306, -18.112335, 0.652934, 6.906494, 0, 0
-22.089752, -4.348864, 7.548096, -18.072388, -9.347484, 7.901306, -18.112335, 0.652934, 6.906494, 0.998749, 0.400686, -0.006744, 0.000000,-21.091003, -3.948177, 7.541351, -17.073700, -8.946853, 7.894470, -17.113525, 1.053529, 6.899292, 0, 0
-21.091003, -3.948177, 7.541351, -17.073700, -8.946853, 7.894470, -17.113525, 1.053529, 6.899292, 0.999115, 0.480053, -0.008209, 0.000000,-20.091888, -3.468124, 7.533142, -16.074646, -8.466839, 7.886200, -16.114380, 1.533504, 6.890656, 0, 0
-20.091888, -3.468124, 7.533142, -16.074646, -8.466839, 7.886200, -16.114380, 1.533504, 6.890656, 0.998718, 0.459502, -0.007782, 0.000000,-19.093170, -3.008622, 7.525360, -15.075989, -8.007394, 7.878326, -15.115631, 1.992917, 6.882446, 0, 0
-19.093170, -3.008622, 7.525360, -15.075989, -8.007394, 7.878326, -15.115631, 1.992917, 6.882446, 0.998840, 0.260528, -0.008026, 0.000000,-18.094330, -2.748094, 7.517334, -14.077209, -7.746937, 7.870087, -14.116730, 2.253364, 6.874084, 0, 0
-18.094330, -2.748094, 7.517334, -14.077209, -7.746937, 7.870087, -14.116730, 2.253364, 6.874084, 0.680359, -0.020291, -0.007843, 0.000000,-17.413971, -2.768385, 7.509491, -13.396912, -7.767283, 7.861969, -13.436340, 2.233030, 6.866089, 0, 0
-17.413971, -2.768385, 7.509491, -13.396912, -7.767283, 7.861969, -13.436340, 2.233030, 6.866089, 0.999481, -0.020102, -0.009949, -0.950000,-16.414490, -2.788487, 7.499542, -12.397491, -7.787469, 7.851654, -12.436829, 2.212867, 6.855988, 0, 0
-16.414490, -2.788487, 7.499542, -12.397491, -7.787469, 7.851654, -12.436829, 2.212867, 6.855988, 0.999237, 0.000227, -0.009674, 0.000000,-15.415253, -2.788260, 7.489868, -11.398621, -6.837322, 7.841919, -11.437256, 1.262987, 6.845764, 0, 0
-15.415253, -2.788260, 7.489868, -11.398621, -6.837322, 7.841919, -11.437256, 1.262987, 6.845764, 1.000000, -0.000986, -0.010986, 0.000000,-14.415161, -2.789246, 7.478882, -10.398621, -6.838422, 7.830597, -10.437103, 1.261913, 6.834625, 0, 0
-14.415161, -2.789246, 7.478882, -10.398621, -6.838422, 7.830597, -10.437103, 1.261913, 6.834625, 0.999390, -0.020049, -0.010010, -0.900000,-13.415771, -2.809295, 7.468872, -9.399292, -6.858578, 7.820190, -9.437653, 1.241787, 6.824463, 0, 0
-13.415771, -2.809295, 7.468872, -9.399292, -6.858578, 7.820190, -9.437653, 1.241787, 6.824463, 0.000031, -0.000453, -0.000183, 0.000000,-13.415741, -2.809748, 7.468689, -9.399414, -5.959034, 7.820496, -9.437469, 0.341296, 6.823822, 0, 0
-13.415741, -2.809748, 7.468689, -9.399414, -5.959034, 7.820496, -9.437469, 0.341296, 6.823822, 0.999390, -0.020509, -0.010651, 0.000000,-12.416351, -2.830256, 7.458038, -8.400116, -5.979675, 7.809448, -8.438019, 0.320689, 6.812988, 0, 0
-12.416351, -2.830256, 7.458038, -8.400116, -5.979675, 7.809448, -8.438019, 0.320689, 6.812988, 0.999634, -0.060616, -0.010498, -0.950000,-11.416718, -2.890872, 7.447540, -7.400543, -6.040421, 7.798615, -7.438354, 0.259980, 6.802368, 0, 0
-11.416718, -2.890872, 7.447540, -7.400543, -6.040421, 7.798615, -7.438354, 0.259980, 6.802368, 0.839813, -0.001120, -0.009583, 0.000000,-10.576904, -2.891992, 7.437958, -6.560913, -5.091671, 7.789215, -6.598389, -0.691266, 6.792175, 0, 0
-10.576904, -2.891992, 7.437958, -6.560913, -5.091671, 7.789215, -6.598389, -0.691266, 6.792175, 0.999817, -0.021811, -0.010956, 0.000000,-9.577087, -2.913803, 7.427002, -5.561157, -5.113639, 7.777954, -5.598511, -0.713197, 6.781067, 0, 0
-9.577087, -2.913803, 7.427002, -5.561157, -5.113639, 7.777954, -5.598511, -0.713197, 6.781067, 0.899231, -0.021424, -0.009613, 0.000000,-8.677856, -2.935227, 7.417389, -4.661987, -5.135223, 7.768066, -4.699219, -0.734747, 6.771332, 0, 0
-8.677856, -2.935227, 7.417389, -4.661987, -5.135223, 7.768066, -4.699219, -0.734747, 6.771332, 0.899506, -0.001719, -0.009949, -0.850000,-7.778351, -2.936947, 7.407440, -3.762573, -5.137101, 7.757843, -3.799683, -0.736589, 6.761261, 0, 0
-7.778351, -2.936947, 7.407440, -3.762573, -5.137101, 7.757843, -3.799683, -0.736589, 6.761261, 0.000000, -0.000348, -0.000031, 0.000000,-7.778351, -2.937294, 7.407410, -3.762573, -4.287467, 7.758392, -3.799683, -1.586969, 6.760742, 0, 0
-7.778351, -2.937294, 7.407410, -3.762573, -4.287467, 7.758392, -3.799683, -1.586969, 6.760742, 0.839691, -0.001358, -0.009125, 0.000000,-6.938660, -2.938652, 7.398285, -2.922913, -4.288968, 7.749054, -2.959961, -1.588435, 6.751465, 0, 0
-6.938660, -2.938652, 7.398285, -2.922913, -4.288968, 7.749054, -2.959961, -1.588435, 6.751465, 0.999146, -0.002563, -0.011017, 0.000000,-5.939514, -2.941216, 7.387268, -1.923828, -4.291744, 7.737762, -1.960815, -1.591164, 6.740326, 0, 0
-5.939514, -2.941216, 7.387268, -1.923828, -4.291744, 7.737762, -1.960815, -1.591164, 6.740326, 0.919312, -0.002428, 0.090118, 0.000000,-5.020203, -2.943644, 7.477386, -1.003967, -4.294362, 7.821167, -1.042480, -1.593738, 6.823914, 1, -1
-35.600006, -7.000007, 8.000000, -31.599976, -11.999983, 8.499969, -31.600037, -1.999986, 7.500031, -0.017181, 0.063019, 0.810577, 0.000000,-35.617188, -6.936988, 8.810577, -31.599030, -11.935800, 9.151337, -31.641357, -1.935061, 8.159943, 0, 0
-35.617188, -6.936988, 8.810577, -31.599030, -11.935800, 9.151337, -31.641357, -1.935061, 8.159943, 1.000000, -0.000853, -0.011261, 0.000000,-34.617065, -6.937840, 8.799316, -30.598846, -11.936622, 9.139832, -30.641327, -1.935899, 8.148254, 0, 0
-34.617065, -6.937840, 8.799316, -30.598846, -11.936622, 9.139832, -30.641327, -1.935899, 8.148254, 0.979828, -0.058883, -0.709076, 0.000000,-33.637238, -6.996723, 8.090240, -29.618774, -11.995371, 8.430145, -29.661774, -1.994639, 7.438629, 0, 0
-33.637238, -6.996723, 8.090240, -29.618774, -11.995371, 8.430145, -29.661774, -1.994639, 7.438629, 0.998688, -0.038262, -0.747345, 0.000000,-32.638550, -7.034985, 7.342896, -28.619904, -12.033520, 7.682190, -28.663300, -2.032779, 6.690796, 0, 0
-32.638550, -7.034985, 7.342896, -28.619904, -12.033520, 7.682190, -28.663300, -2.032779, 6.690796, 0.997406, 0.980262, -0.001709, 0.000000,-31.641144, -6.054723, 7.341187, -27.622528, -11.053252, 7.680878, -27.665894, -1.052627, 6.688324, 0, 0
-31.641144, -6.054723, 7.341187, -27.622528, -11.053252, 7.680878, -27.665894, -1.052627, 6.688324, 0.998993, 0.519853, -0.007355, 0.000000,-30.642151, -5.534870, 7.333832, -26.623535, -10.533394, 7.673584, -26.666931, -0.532831, 6.680389, 0, 0
-30.642151, -5.534870, 7.333832, -26.623535, -10.533394, 7.673584, -26.666931, -0.532831, 6.680389, 0.998657, 0.500194, -0.006531, 0.000000,-29.643494, -5.034677, 7.327301, -25.624878, -10.033206, 7.667084, -25.668274, -0.032708, 6.673279, 0, 0
-29.643494, -5.034677, 7.327301, -25.624878, -10.033206, 7.667084, -25.668274, -0.032708, 6.673279, 0.878662, 0.461011, -0.003662, 0.000000,-28.764832, -4.573666, 7.323639, -24.746216, -9.572193, 7.663483, -24.789642, 0.428257, 6.669159, 0, 0
-28.764832, -4.573666, 7.323639, -24.746216, -9.572193, 7.663483, -24.789642, 0.428257, 6.669159, 0.998810, 0.419249, -0.007996, 0.000000,-27.766022, -4.154417, 7.315643, -23.747437, -9.152950, 7.655457, -23.790833, 0.847445, 6.660614, 0, 0
-27.766022, -4.154417, 7.315643, -23.747437, -9.152950, 7.655457, -23.790833, 0.847445, 6.660614, 0.998962, 0.340829, -0.005951, 0.000000,-26.767059, -3.813588, 7.309692, -22.748474, -8.812138, 7.649414, -22.791870, 1.188219, 6.654175, 0, 0
-26.767059, -3.813588, 7.309692, -22.748474, -8.812138, 7.649414, -22.791870, 1.188219, 6.654175, 1.000000, -0.039186, -0.009430, 0.000000,-25.767029, -3.852774, 7.300262, -21.748413, -8.851321, 7.639648, -21.791901, 1.149035, 6.644470, 0, 0
-25.767029, -3.852774, 7.300262, -21.748413, -8.851321, 7.639648, -21.791901, 1.149035, 6.644470, 0.819580, -0.019141, -0.007019, 0.000000,-24.947449, -3.871915, 7.293243, -20.928833, -8.870472, 7.632385, -20.972351, 1.129879, 6.637146, 0, 0
-24.947449, -3.871915, 7.293243, -20.928833, -8.870472, 7.632385, -20.972351, 1.129879, 6.637146, 0.999634, 0.000098, -0.008514, 0.000000,-23.947815, -3.871817, 7.284729, -19.929199, -8.870409, 7.623535, -19.972748, 1.129948, 6.628357, 0, 0
-23.947815, -3.871817, 7.284729, -19.929199, -8.870409, 7.623535, -19.972748, 1.129948, 6.628357, 0.859802, -0.019230, -0.007629, 0.000000,-23.088013, -3.891047, 7.277100, -19.069397, -8.889661, 7.615601, -19.112946, 1.110699, 6.620453, 0, 0
-23.088013, -3.891047, 7.277100, -19.069397, -8.889661, 7.615601, -19.112946, 1.110699, 6.620453, 0.859039, 0.440248, -0.006195, 0.000000,-22.228973, -3.450799, 7.270905, -18.210419, -8.449450, 7.609375, -18.253876, 1.550878, 6.613831, 0, 0
-22.228973, -3.450799, 7.270905, -18.210419, -8.449450, 7.609375, -18.253876, 1.550878, 6.613831, 0.999573, 0.000310, -0.009399, 0.000000,-21.229401, -3.450489, 7.261505, -17.210876, -8.449186, 7.599640, -17.254303, 1.551147, 6.604187, 0, 0
-21.229401, -3.450489, 7.261505, -17.210876, -8.449186, 7.599640, -17.254303, 1.551147, 6.604187, 0.999512, -0.019140, -0.008575, 0.000000,-20.229889, -3.469629, 7.252930, -16.211395, -8.468374, 7.590729, -16.254791, 1.531968, 6.595367, 0, 0
-20.229889, -3.469629, 7.252930, -16.211395, -8.468374, 7.590729, -16.254791, 1.531968, 6.595367, 0.999908, -0.019928, -0.010223, -0.900000,-19.229980, -3.489556, 7.242706, -15.211517, -8.488356, 7.580139, -15.254883, 1.512001, 6.584900, 0, 0
-19.229980, -3.489556, 7.242706, -15.211517, -8.488356, 7.580139, -15.254883, 1.512001, 6.584900, 0.719086, -0.019654, -0.006470, 0.000000,-18.510895, -3.509210, 7.236237, -14.492767, -7.608055, 7.573822, -14.535461, 0.592256, 6.577942, 0, 0
-18.510895, -3.509210, 7.236237, -14.492767, -7.608055, 7.573822, -14.535461, 0.592256, 6.577942, 0.900269, -0.020219, -0.009583, 0.000000,-17.610626, -3.529429, 7.226654, -13.592560, -7.628331, 7.563934, -13.635193, 0.571993, 6.568176, 0, 0
-17.610626, -3.529429, 7.226654, -13.592560, -7.628331, 7.563934, -13.635193, 0.571993, 6.568176, 0.999481, -0.020049, -0.009674, 0.000000,-16.611145, -3.549478, 7.216980, -12.593140, -7.648480, 7.553894, -12.635651, 0.551868, 6.558289, 0, 0
-16.611145, -3.549478, 7.216980, -12.593140, -7.648480, 7.553894, -12.635651, 0.551868, 6.558289, 0.899719, -0.040093, -0.009155, 0.000000,-15.711426, -3.589571, 7.207825, -11.693481, -7.688659, 7.544373, -11.735901, 0.511711, 6.548950, 0, 0
-15.711426, -3.589571, 7.207825, -11.693481, -7.688659, 7.544373, -11.735901, 0.511711, 6.548950, 0.999512, -0.040115, -0.009888, -0.950000,-14.711914, -3.629687, 7.197937, -10.694031, -7.728878, 7.534119, -10.736359, 0.471516, 6.538910, 0, 0
-14.711914, -3.629687, 7.197937, -10.694031, -7.728878, 7.534119, -10.736359, 0.471516, 6.538910, 0.899719, -0.040482, -0.009369, 0.000000,-13.812195, -3.670169, 7.188568, -9.794678, -6.819459, 7.524902, -9.836426, -0.519101, 6.528931, 0, 0
-13.812195, -3.670169, 7.188568, -9.794678, -6.819459, 7.524902, -9.836426, -0.519101, 6.528931, 0.999451, -0.000690, -0.010986, 0.000000,-12.812744, -3.670859, 7.177582, -8.795288, -6.820270, 7.513550, -8.836945, -0.519883, 6.517761, 0, 0
-12.812744, -3.670859, 7.177582, -8.795288, -6.820270, 7.513550, -8.836945, -0.519883, 6.517761, 1.000000, 0.007351, -0.006439, 0.000000,-11.805359, -3.663508, 7.171143, -7.787994, -6.813063, 7.506775, -7.829468, -0.512648, 6.511169, 0, 0
-11.805359, -3.663508, 7.171143, -7.787994, -6.813063, 7.506775, -7.829468, -0.512648, 6.511169, 0.999725, -0.021071, -0.010712, 0.000000,-10.805634, -3.684579, 7.160431, -6.788330, -6.834281, 7.495728, -6.829712, -0.533831, 6.500305, 0, 0
-10.805634, -3.684579, 7.160431, -6.788330, -6.834281, 7.495728, -6.829712, -0.533831, 6.500305, 0.999329, -0.041312, -0.010925, -0.950000,-9.806305, -3.725892, 7.149506, -5.789124, -6.875756, 7.484436, -5.830261, -0.575270, 6.489258, 0, 0
-9.806305, -3.725892, 7.149506, -5.789124, -6.875756, 7.484436, -5.830261, -0.575270, 6.489258, 0.959412, -0.021089, -0.010223, 0.000000,-8.846893, -3.746981, 7.139282, -4.829773, -5.947016, 7.474518, -4.870789, -1.546539, 6.478302, 0, 0
-8.846893, -3.746981, 7.139282, -4.829773, -5.947016, 7.474518, -4.870789, -1.546539, 6.478302, 0.919800, -0.021708, -0.010498, 1.000000,-7.927094, -3.768689, 7.128784, -3.910034, -5.968893, 7.463745, -3.950928, -1.568380, 6.467651, 0, 0
-7.927094, -3.768689, 7.128784, -3.910034, -5.968893, 7.463745, -3.950928, -1.568380, 6.467651, 0.879333, -0.041592, -0.009460, 0.700000,-7.047760, -3.810280, 7.119324, -3.030823, -7.010646, 7.453278, -3.071533, -0.610140, 6.458923, 0, 0
-7.047760, -3.810280, 7.119324, -3.030823, -7.010646, 7.453278, -3.071533, -0.610140, 6.458923, 0.999664, -0.122473, 0.088531, 0.000000,-6.048096, -3.932754, 7.207855, -2.031006, -7.833315, 7.536713, -2.072449, -0.032801, 6.543823, 1, -1
-35.600006, -7.000007, 8.000000, -31.599976, -11.999985, 8.499969, -31.600037, -1.999982, 7.500031, 1.000000, 0.138235, -0.879700, 0.000000,-34.505676, -6.861772, 7.120300, -30.488617, -11.850586, 7.594666, -30.522888, -1.849805, 6.603180, 0, 0
-34.505676, -6.861772, 7.120300, -30.488617, -11.850586, 7.594666, -30.522888, -1.849805, 6.603180, 0.935547, 0.487116, -0.473236, 0.000000,-33.570129, -6.374656, 6.647064, -29.564056, -11.371886, 7.125519, -29.576324, -1.371294, 6.131653, 0, 0
-33.570129, -6.374656, 6.647064, -29.564056, -11.371886, 7.125519, -29.576324, -1.371294, 6.131653, 0.995148, -0.047541, -0.017822, 0.000000,-32.574982, -6.422196, 6.629242, -28.569427, -11.419974, 7.106415, -28.580658, -1.419360, 6.112793, 0, 0
-32.574982, -6.422196, 6.629242, -28.569427, -11.419974, 7.106415, -28.580658, -1.419360, 6.112793, 0.901794, 0.657920, -0.013397, 0.000000,-31.673187, -5.764276, 6.615845, -27.680237, -10.772284, 7.091553, -27.666260, -0.771631, 6.098267, 0, 0
-31.673187, -5.764276, 6.615845, -27.680237, -10.772284, 7.091553, -27.666260, -0.771631, 6.098267, 1.000000, 0.762362, 0.025909, 0.000000,-30.629303, -5.001914, 6.641754, -26.628052, -10.002831, 7.122070, -26.630646, -0.002516, 6.125336, 0, 0
-30.629303, -5.001914, 6.641754, -26.628052, -10.002831, 7.122070, -26.630646, -0.002516, 6.125336, 1.000000, 0.688113, -0.005707, 0.000000,-29.628296, -4.313801, 6.636047, -25.625397, -9.313476, 7.115753, -25.631287, 0.686855, 6.119202, 0, 0
-29.628296, -4.313801, 6.636047, -25.625397, -9.313476, 7.115753, -25.631287, 0.686855, 6.119202, 0.997375, 0.008844, -0.042908, -0.950000,-28.630920, -4.304957, 6.593140, -24.626373, -9.303707, 7.068451, -24.635620, 0.696774, 6.073486, 0, 0
-28.630920, -4.304957, 6.593140, -24.626373, -9.303707, 7.068451, -24.635620, 0.696774, 6.073486, 1.000000, 0.563815, 0.022400, -0.900000,-27.618164, -3.741142, 6.615540, -23.612946, -7.788432, 7.095062, -23.623535, 0.311746, 6.097168, 0, 0
-27.618164, -3.741142, 6.615540, -23.612946, -7.788432, 7.095062, -23.623535, 0.311746, 6.097168, 0.977600, 0.544476, -0.055389, 0.000000,-26.640564, -3.196666, 6.560150, -22.636841, -6.345911, 7.033783, -22.644623, -0.045546, 6.037048, 0, 0
-26.640564, -3.196666, 6.560150, -22.636841, -6.345911, 7.033783, -22.644623, -0.045546, 6.037048, 1.000000, -0.005169, 0.041168, 0.000000,-25.624939, -3.201835, 6.601318, -21.620728, -6.349657, 7.080383, -21.629425, -0.049553, 6.081970, 0, 0
-25.624939, -3.201835, 6.601318, -21.620728, -6.349657, 7.080383, -21.629425, -0.049553, 6.081970, 0.989471, 0.672781, -0.031586, 0.000000,-24.635468, -2.529054, 6.569733, -20.631958, -5.678200, 7.045990, -20.639282, 0.621956, 6.047882, 0, 0
-24.635468, -2.529054, 6.569733, -20.631958, -5.678200, 7.045990, -20.639282, 0.621956, 6.047882, 1.000000, 0.519760, 0.017761, 0.000000,-23.611176, -2.009294, 6.587494, -19.605103, -5.154714, 7.066681, -19.617554, 1.145172, 6.066925, 0, 0
-23.611176, -2.009294, 6.587494, -19.605103, -5.154714, 7.066681, -19.617554, 1.145172, 6.066925, 0.987366, 0.469981, -0.021057, 0.000000,-22.623810, -1.539313, 6.566437, -18.618561, -4.686052, 7.043884, -18.629364, 1.613871, 6.044373, 0, 0
-22.623810, -1.539313, 6.566437, -18.618561, -4.686052, 7.043884, -18.629364, 1.613871, 6.044373, 0.996460, -0.019567, 0.001770, 0.000000,-21.627350, -1.558879, 6.568207, -17.622864, -4.706478, 7.046478, -17.632111, 1.593472, 6.047089, 0, 0
-21.627350, -1.558879, 6.568207, -17.622864, -4.706478, 7.046478, -17.632111, 1.593472, 6.047089, 1.000000, 0.032121, -0.508667, 0.000000,-20.619263, -1.526759, 6.059540, -16.613403, -4.672645, 6.537415, -16.625427, 1.627272, 5.537842, 0, 0
-20.619263, -1.526759, 6.059540, -16.613403, -4.672645, 6.537415, -16.625427, 1.627272, 5.537842, 0.985992, -0.074275, -0.015076, 0.000000,-19.633270, -1.601034, 6.044464, -15.629120, -4.749270, 6.521240, -15.637726, 1.550756, 5.522369, 0, 0
-19.633270, -1.601034, 6.044464, -15.629120, -4.749270, 6.521240, -15.637726, 1.550756, 5.522369, 0.987915, -0.029468, -0.031616, 0.000000,-18.645355, -1.630502, 6.012848, -14.642120, -4.780295, 6.486908, -14.648926, 1.519822, 5.488556, 0, 0
-18.645355, -1.630502, 6.012848, -14.642120, -4.780295, 6.486908, -14.648926, 1.519822, 5.488556, 1.000000, 0.006747, -0.005615, 0.000000,-17.630127, -1.623755, 6.007233, -13.626251, -4.772683, 6.481812, -13.634308, 1.527333, 5.482849, 0, 0
-17.630127, -1.623755, 6.007233, -13.626251, -4.772683, 6.481812, -13.634308, 1.527333, 5.482849, 0.989075, -0.002074, -0.003357, 0.000000,-16.641052, -1.625828, 6.003876, -12.637451, -4.775115, 6.478363, -12.644989, 1.525002, 5.480011, 0, 0
-16.641052, -1.625828, 6.003876, -12.637451, -4.775115, 6.478363, -12.644989, 1.525002, 5.480011, 1.000000, 0.006119, -0.003632, 0.000000,-15.633423, -1.619709, 6.000244, -11.629211, -4.768099, 6.475372, -11.637970, 1.531986, 5.476868, 0, 0
-15.633423, -1.619709, 6.000244, -11.629211, -4.768099, 6.475372, -11.637970, 1.531986, 5.476868, 0.999176, -0.023409, -0.013672, 0.000000,-14.634247, -1.643118, 5.986572, -10.630219, -4.791863, 6.461090, -10.638580, 1.508247, 5.462708, 0, 0
-14.634247, -1.643118, 5.986572, -10.630219, -4.791863, 6.461090, -10.638580, 1.508247, 5.462708, 0.992645, -0.035388, -0.010040, 0.000000,-13.641602, -1.678506, 5.976532, -9.637817, -4.827680, 6.450134, -9.645721, 1.472523, 5.452362, 0, 0
-13.641602, -1.678506, 5.976532, -9.637817, -4.827680, 6.450134, -9.645721, 1.472523, 5.452362, 0.996155, -0.050806, -0.019653, 0.000000,-12.645447, -1.729311, 5.956879, -8.642242, -4.879366, 6.429474, -8.649017, 1.420854, 5.431763, 0, 0
-12.645447, -1.729311, 5.956879, -8.642242, -4.879366, 6.429474, -8.649017, 1.420854, 5.431763, 1.000000, -0.005037, -0.003387, 0.000000,-11.630096, -1.734349, 5.953491, -7.625732, -4.882789, 6.426971, -7.634827, 1.417374, 5.428955, 0, 0
-11.630096, -1.734349, 5.953491, -7.625732, -4.882789, 6.426971, -7.634827, 1.417374, 5.428955, 0.992615, -0.012857, -0.010956, 0.000000,-10.637482, -1.747206, 5.942535, -6.633850, -4.896716, 6.415375, -6.641418, 1.403522, 5.417816, 0, 0
-10.637482, -1.747206, 5.942535, -6.633850, -4.896716, 6.415375, -6.641418, 1.403522, 5.417816, 0.995361, -0.021647, -0.008331, 0.000000,-9.642120, -1.768853, 5.934204, -5.638794, -4.918798, 6.406555, -5.645813, 1.381507, 5.409393, 0, 0
-9.642120, -1.768853, 5.934204, -5.638794, -4.918798, 6.406555, -5.645813, 1.381507, 5.409393, 1.000000, 0.003691, -0.011200, -0.600000,-8.637909, -1.765162, 5.923004, -4.634216, -4.914680, 6.395294, -4.641907, 1.385643, 5.398285, 0, 0
-8.637909, -1.765162, 5.923004, -4.634216, -4.914680, 6.395294, -4.641907, 1.385643, 5.398285, 0.557800, -0.050365, -0.004547, -0.950000,-8.080109, -1.815527, 5.918457, -4.076965, -4.365675, 6.390930, -4.083679, 0.734610, 5.393341, 0, 0
-8.080109, -1.815527, 5.918457, -4.076965, -4.365675, 6.390930, -4.083679, 0.734610, 5.393341, -0.006195, 0.003668, 0.095428, 0.950000,-8.086304, -1.811860, 6.013885, -4.078308, -3.412054, 6.443390, -4.095764, -0.211760, 5.445160, 1, -1
-35.600006, -7.000007, 8.000000, -31.599976, -11.999983, 8.499969, -31.600037, -1.999986, 7.500031, 0.035126, 0.063606, -0.089325, 0.000000,-35.564880, -6.936401, 7.910675, -31.556183, -11.935501, 8.345459, -31.574524, -1.934763, 7.353210, 0, 0
-35.564880, -6.936401, 7.910675, -31.556183, -11.935501, 8.345459, -31.574524, -1.934763, 7.353210, 0.997955, 0.700961, -0.001892, 0.000000,-34.566925, -6.235440, 7.908783, -30.558197, -11.234514, 8.343781, -30.576599, -1.233861, 7.350677, 0, 0
-34.566925, -6.235440, 7.908783, -30.558197, -11.234514, 8.343781, -30.576599, -1.233861, 7.350677, 0.959351, -0.057983, -0.527283, 0.000000,-33.607574, -6.293424, 7.381500, -29.598633, -11.292373, 7.815948, -29.617493, -1.291716, 6.822906, 0, 0
-33.607574, -6.293424, 7.381500, -29.598633, -11.292373, 7.815948, -29.617493, -1.291716, 6.822906, 0.998444, 0.501263, -0.003418, 0.000000,-32.609131, -5.792161, 7.378082, -28.600159, -10.791085, 7.812561, -28.619080, -0.790497, 6.818848, 0, 0
-32.609131, -5.792161, 7.378082, -28.600159, -10.791085, 7.812561, -28.619080, -0.790497, 6.818848, 0.999451, 0.478969, -0.009735, 0.000000,-31.609680, -5.313191, 7.368347, -27.600708, -10.312093, 7.802856, -27.619659, -0.311566, 6.808563, 0, 0
-31.609680, -5.313191, 7.368347, -27.600708, -10.312093, 7.802856, -27.619659, -0.311566, 6.808563, 0.999298, 0.001673, -0.006012, 0.000000,-30.610382, -5.311519, 7.362335, -26.601349, -10.310401, 7.796570, -26.620422, -0.309885, 6.802124, 0, 0
-30.610382, -5.311519, 7.362335, -26.601349, -10.310401, 7.796570, -26.620422, -0.309885, 6.802124, 0.939545, 0.320474, -0.007111, 0.000000,-29.670837, -4.991044, 7.355225, -25.661774, -9.989904, 7.789398, -25.680939, 0.010571, 6.794525, 0, 0
-29.670837, -4.991044, 7.355225, -25.661774, -9.989904, 7.789398, -25.680939, 0.010571, 6.794525, 0.819519, -0.018464, -0.467987, 0.000000,-28.851318, -5.009508, 6.887238, -24.842072, -10.008273, 7.320923, -24.861603, -0.007789, 6.326172, 0, 0
-28.851318, -5.009508, 6.887238, -24.842072, -10.008273, 7.320923, -24.861603, -0.007789, 6.326172, 0.779419, 0.000836, -0.005127, 0.000000,-28.071899, -5.008672, 6.882111, -24.062653, -10.007447, 7.315582, -24.082184, -0.006971, 6.320740, 0, 0
-28.071899, -5.008672, 6.882111, -24.062653, -10.007447, 7.315582, -24.082184, -0.006971, 6.320740, 0.998840, -0.000091, -0.007507, -0.950000,-27.073059, -5.008763, 6.874603, -23.063751, -10.007526, 7.307770, -23.083405, -0.007059, 6.312866, 0, 0
-27.073059, -5.008763, 6.874603, -23.063751, -10.007526, 7.307770, -23.083405, -0.007059, 6.312866, 0.838623, 0.380774, -0.004395, -0.850000,-26.234436, -4.627989, 6.870209, -22.225433, -8.676748, 7.303772, -22.244476, -0.576401, 6.307617, 0, 0
-26.234436, -4.627989, 6.870209, -22.225433, -8.676748, 7.303772, -22.244476, -0.576401, 6.307617, 1.000000, -0.000520, -0.011871, 0.000000,-25.233795, -4.628510, 6.858337, -21.225067, -7.827269, 7.292023, -21.243591, -1.426977, 6.295044, 0, 0
-25.233795, -4.628510, 6.858337, -21.225067, -7.827269, 7.292023, -21.243591, -1.426977, 6.295044, 0.999542, -0.018604, -0.007568, 0.000000,-24.234253, -4.647113, 6.850769, -20.225494, -7.845881, 7.284149, -20.244080, -1.445588, 6.287170, 0, 0
-24.234253, -4.647113, 6.850769, -20.225494, -7.845881, 7.284149, -20.244080, -1.445588, 6.287170, 0.859955, -0.040165, -0.008972, 0.000000,-23.374298, -4.687278, 6.841797, -19.365540, -7.886071, 7.274872, -19.384155, -1.485776, 6.277924, 0, 0
-23.374298, -4.687278, 6.841797, -19.365540, -7.886071, 7.274872, -19.384155, -1.485776, 6.277924, 0.999451, 0.000992, -0.008423, 0.000000,-22.374847, -4.686286, 6.833374, -18.366089, -7.885118, 7.266113, -18.384705, -1.484821, 6.269196, 0, 0
-22.374847, -4.686286, 6.833374, -18.366089, -7.885118, 7.266113, -18.384705, -1.484821, 6.269196, 0.999908, -0.039559, -0.009857, 0.000000,-21.374939, -4.725845, 6.823517, -17.366180, -7.924714, 7.255920, -17.384827, -1.524402, 6.259094, 0, 0
-21.374939, -4.725845, 6.823517, -17.366180, -7.924714, 7.255920, -17.384827, -1.524402, 6.259094, 0.999603, -0.019509, -0.009186, 1.000000,-20.375336, -4.745354, 6.814331, -16.366547, -7.944264, 7.246368, -16.385223, -1.543940, 6.249603, 0, 0
-20.375336, -4.745354, 6.814331, -16.366547, -7.944264, 7.246368, -16.385223, -1.543940, 6.249603, 0.999908, -0.019748, -0.009857, 0.000000,-19.375427, -4.765102, 6.804474, -15.366364, -8.964062, 7.235718, -15.385620, -0.563774, 6.239990, 0, 0
-19.375427, -4.765102, 6.804474, -15.366364, -8.964062, 7.235718, -15.385620, -0.563774, 6.239990, 0.699829, -0.020176, -0.007080, 0.000000,-18.675598, -4.785278, 6.797394, -14.666565, -8.984285, 7.228363, -14.685760, -0.583984, 6.232758, 0, 0
-18.675598, -4.785278, 6.797394, -14.666565, -8.984285, 7.228363, -14.685760, -0.583984, 6.232758, 0.999664, -0.040028, -0.010162, 0.000000,-17.675934, -4.825306, 6.787231, -13.666931, -9.024398, 7.217834, -13.686066, -0.624077, 6.222382, 0, 0
-17.675934, -4.825306, 6.787231, -13.666931, -9.024398, 7.217834, -13.686066, -0.624077, 6.222382, 0.999451, 0.000195, -0.009796, 0.000000,-16.676483, -4.825111, 6.777435, -12.667542, -9.024277, 7.207672, -12.686584, -0.623941, 6.212372, 0, 0
-16.676483, -4.825111, 6.777435, -12.667542, -9.024277, 7.207672, -12.686584, -0.623941, 6.212372, 0.999573, -0.020050, -0.010040, 0.000000,-15.676910, -4.845161, 6.767395, -11.668030, -9.044428, 7.197266, -11.686951, -0.644066, 6.202148, 0, 0
-15.676910, -4.845161, 6.767395, -11.668030, -9.044428, 7.197266, -11.686951, -0.644066, 6.202148, 0.999512, -0.000419, -0.010437, 0.000000,-14.677399, -4.845580, 6.756958, -10.668579, -9.044952, 7.186462, -10.687378, -0.644570, 6.191528, 0, 0
-14.677399, -4.845580, 6.756958, -10.668579, -9.044952, 7.186462, -10.687378, -0.644570, 6.191528, 0.999634, -0.020469, -0.010376, 0.000000,-13.677765, -4.866049, 6.746582, -9.669006, -9.065534, 7.175720, -9.687683, -0.665125, 6.181000, 0, 0
-13.677765, -4.866049, 6.746582, -9.669006, -9.065534, 7.175720, -9.687683, -0.665125, 6.181000, 0.999725, -0.020729, -0.011017, 0.000000,-12.678040, -4.886778, 6.735565, -8.669373, -9.086390, 7.164307, -8.687866, -0.685951, 6.169861, 0, 0
-12.678040, -4.886778, 6.735565, -8.669373, -9.086390, 7.164307, -8.687866, -0.685951, 6.169861, 0.999542, -0.000944, -0.010803, 0.000000,-11.678497, -4.887722, 6.724762, -7.669952, -9.087475, 7.153137, -7.688232, -0.687012, 6.158875, 0, 0
-11.678497, -4.887722, 6.724762, -7.669952, -9.087475, 7.153137, -7.688232, -0.687012, 6.158875, 0.999451, -0.001081, -0.010529, 0.000000,-10.679047, -4.888803, 6.714233, -6.670654, -9.088708, 7.142212, -6.688660, -0.688211, 6.148285, 0, 0
-10.679047, -4.888803, 6.714233, -6.670654, -9.088708, 7.142212, -6.688660, -0.688211, 6.148285, 0.999573, -0.021467, -0.011047, 0.000000,-9.679474, -4.910270, 6.703186, -5.671204, -9.110341, 7.130798, -5.688965, -0.709805, 6.137115, 0, 0
-9.679474, -4.910270, 6.703186, -5.671204, -9.110341, 7.130798, -5.688965, -0.709805, 6.137115, 0.999390, -0.001628, -0.010864, 0.000000,-8.680084, -4.911898, 6.692322, -4.671936, -9.112146, 7.119537, -4.689453, -0.711576, 6.126190, 0, 0
-8.680084, -4.911898, 6.692322, -4.671936, -9.112146, 7.119537, -4.689453, -0.711576, 6.126190, 0.679688, -0.081222, -0.007660, -0.950000,-8.000397, -4.993120, 6.684662, -3.992371, -9.193497, 7.111603, -4.009644, -0.792896, 6.118500, 0, 0
-8.000397, -4.993120, 6.684662, -3.992371, -9.193497, 7.111603, -4.009644, -0.792896, 6.118500, -0.000275, -0.001138, -0.000275, -0.700000,-8.000671, -4.994257, 6.684387, -3.992676, -8.244631, 7.112091, -4.009949, -1.744099, 6.117462, 0, 0
-8.000671, -4.994257, 6.684387, -3.992676, -8.244631, 7.112091, -4.009949, -1.744099, 6.117462, 0.759644, -0.001614, -0.008423, -0.700000,-7.241028, -4.995871, 6.675964, -3.233093, -7.546384, 7.104034, -3.250244, -2.445858, 6.108337, 0, 0
-7.241028, -4.995871, 6.675964, -3.233093, -7.546384, 7.104034, -3.250244, -2.445858, 6.108337, 0.879456, -0.041908, -0.010071, 0.000000,-6.361572, -5.037779, 6.665894, -2.353699, -6.888478, 7.094330, -2.370728, -3.187935, 6.097565, 0, 0
-6.361572, -5.037779, 6.665894, -2.353699, -6.888478, 7.094330, -2.370728, -3.187935, 6.097565, 0.779541, -0.042046, -0.008575, -0.500000,-5.582031, -5.079825, 6.657318, -1.574219, -6.930696, 7.085510, -1.591125, -3.230116, 6.088928, 0, 0
-5.582031, -5.079825, 6.657318, -1.574219, -6.930696, 7.085510, -1.591125, -3.230116, 6.088928, -0.000183, -0.000321, 0.000092, 0.000000,-5.582214, -5.080147, 6.657410, -1.574402, -6.431028, 7.086060, -1.591370, -3.730470, 6.088562, 0, 0
-5.582214, -5.080147, 6.657410, -1.574402, -6.431028, 7.086060, -1.591370, -3.730470, 6.088562, 0.000122, -0.000190, -0.000122, 0.000000,-5.582092, -5.080337, 6.657288, -1.574280, -6.431215, 7.085938, -1.591248, -3.730658, 6.088440, 0, 0
-5.582092, -5.080337, 6.657288, -1.574280, -6.431215, 7.085938, -1.591248, -3.730658, 6.088440, -0.000305, 0.000080, 0.000305, 0.000000,-5.582397, -5.080256, 6.657593, -1.574585, -6.431137, 7.086243, -1.591553, -3.730580, 6.088745, 0, 0
-5.582397, -5.080256, 6.657593, -1.574585, -6.431137, 7.086243, -1.591553, -3.730580, 6.088745, 0.879822, -0.002776, -0.010071, 0.000000,-4.702576, -5.083032, 6.647522, -0.694824, -6.434112, 7.075958, -0.711731, -3.733512, 6.078552, 0, 0
-4.702576, -5.083032, 6.647522, -0.694824, -6.434112, 7.075958, -0.711731, -3.733512, 6.078552, -0.000122, -0.000082, 0.000000, 0.950000,-4.702698, -5.083115, 6.647522, -0.694946, -6.434192, 7.075928, -0.711853, -3.733593, 6.078552, 0, 0
-4.702698, -5.083115, 6.647522, -0.694946, -6.434192, 7.075928, -0.711853, -3.733593, 6.078552, -0.000061, -0.000079, 0.000031, 1.000000,-4.702759, -5.083194, 6.647552, -0.695251, -7.384277, 7.075043, -0.711853, -2.783702, 6.079498, 0, 0
-4.702759, -5.083194, 6.647552, -0.695251, -7.384277, 7.075043, -0.711853, -2.783702, 6.079498, -0.000183, -0.000103, -0.000092, 1.000000,-4.702942, -5.083297, 6.647461, -0.695740, -8.384375, 7.074036, -0.712036, -1.783850, 6.080322, 0, 0
-4.702942, -5.083297, 6.647461, -0.695740, -8.384375, 7.074036, -0.712036, -1.783850, 6.080322, -0.000244, 0.000056, -0.000061, 0.700000,-4.703186, -5.083241, 6.647400, -0.696289, -9.384298, 7.073059, -0.712280, -0.783827, 6.081177, 0, 0
-4.703186, -5.083241, 6.647400, -0.696289, -9.384298, 7.073059, -0.712280, -0.783827, 6.081177, -0.000122, -0.000106, -0.000061, 0.000000,-4.703308, -5.083347, 6.647339, -0.696411, -10.084385, 7.072388, -0.712402, -0.084000, 6.081726, 0, 0
-4.703308, -5.083347, 6.647339, -0.696411, -10.084385, 7.072388, -0.712402, -0.084000, 6.081726, 0.520081, -0.001574, -0.006073, 0.000000,-4.183228, -5.084921, 6.641266, -0.176453, -10.086085, 7.066071, -0.192200, -0.085668, 6.075684, 0, 0
-4.183228, -5.084921, 6.641266, -0.176453, -10.086085, 7.066071, -0.192200, -0.085668, 6.075684, -0.060791, 0.560291, 0.002136, 0.000000,-4.244019, -4.524630, 6.643402, -0.237244, -9.525754, 7.068512, -0.252991, 0.474600, 6.077515, 0, 0
-4.244019, -4.524630, 6.643402, -0.237244, -9.525754, 7.068512, -0.252991, 0.474600, 6.077515, -0.040894, 0.640097, 0.102478, 0.000000,-4.284912, -3.884533, 6.745880, -0.276550, -8.885614, 7.156036, -0.296082, 1.114676, 6.164490, 1, -1
-35.600006, -7.000007, 8.000000, -31.600006, -11.999879, 8.499969, -31.600067, -2.000518, 7.500031, 0.022919, 0.064393, 0.116730, 0.000000,-35.577087, -6.935614, 8.116730, -31.565765, -11.934708, 8.522369, -31.591461, -1.934552, 7.529602, 0, 0
-35.577087, -6.935614, 8.116730, -31.565765, -11.934708, 8.522369, -31.591461, -1.934552, 7.529602, 0.997864, 0.779422, -0.006531, 0.000000,-34.579224, -6.156192, 8.110199, -30.567902, -11.155293, 8.515900, -30.593567, -1.155211, 7.522400, 0, 0
-34.579224, -6.156192, 8.110199, -30.567902, -11.155293, 8.515900, -30.593567, -1.155211, 7.522400, 0.938080, 0.600855, -0.002289, 0.000000,-33.641144, -5.555337, 8.107910, -29.629822, -10.554426, 8.513733, -29.655518, -0.554420, 7.519470, 0, 0
-33.641144, -5.555337, 8.107910, -29.629822, -10.554426, 8.513733, -29.655518, -0.554420, 7.519470, 0.920258, 0.000255, -0.451202, 0.000000,-32.720886, -5.555082, 7.656708, -28.709381, -10.554048, 8.062042, -28.735474, -0.554044, 7.067780, 0, 0
-32.720886, -5.555082, 7.656708, -28.709381, -10.554048, 8.062042, -28.735474, -0.554044, 7.067780, 0.918213, 0.580382, -0.003937, 0.000000,-31.802673, -4.974700, 7.652771, -27.791138, -9.973654, 8.058197, -27.817291, 0.026286, 7.063232, 0, 0
-31.802673, -4.974700, 7.652771, -27.791138, -9.973654, 8.058197, -27.817291, 0.026286, 7.063232, 0.998413, 0.600612, -0.004791, 0.000000,-30.804260, -4.374088, 7.647980, -26.792725, -9.373026, 8.053497, -26.818909, 0.626844, 7.057861, 0, 0
-30.804260, -4.374088, 7.647980, -26.792725, -9.373026, 8.053497, -26.818909, 0.626844, 7.057861, 1.000000, -0.019015, -0.008087, 0.000000,-29.804199, -4.393103, 7.639893, -25.792572, -9.391998, 8.045105, -25.818939, 0.607859, 7.049347, 0, 0
-29.804199, -4.393103, 7.639893, -25.792572, -9.391998, 8.045105, -25.818939, 0.607859, 7.049347, 0.998566, 0.460151, -0.006744, 0.000000,-28.805634, -3.932952, 7.633148, -24.794006, -8.931845, 8.038330, -24.820404, 1.067955, 7.042053, 0, 0
-28.805634, -3.932952, 7.633148, -24.794006, -8.931845, 8.038330, -24.820404, 1.067955, 7.042053, 0.898834, 0.420551, -0.005524, 0.000000,-27.906799, -3.512401, 7.627625, -23.895172, -8.511291, 8.032776, -23.921570, 1.488466, 7.036041, 0, 0
-27.906799, -3.512401, 7.627625, -23.895172, -8.511291, 8.032776, -23.921570, 1.488466, 7.036041, 0.998901, 0.500388, -0.006348, 0.000000,-26.907898, -3.012013, 7.621277, -22.896271, -8.010900, 8.026367, -22.922699, 1.988806, 7.029114, 0, 0
-26.907898, -3.012013, 7.621277, -22.896271, -8.010900, 8.026367, -22.922699, 1.988806, 7.029114, 0.999481, 0.001717, -0.006897, 0.000000,-25.908417, -3.010296, 7.614380, -21.896729, -8.009161, 8.019196, -21.923279, 1.990538, 7.021881, 0, 0
-25.908417, -3.010296, 7.614380, -21.896729, -8.009161, 8.019196, -21.923279, 1.990538, 7.021881, 1.000000, -0.039059, -0.009705, 0.000000,-24.908264, -3.049356, 7.604675, -20.896515, -8.048216, 8.009094, -20.923187, 1.951487, 7.011810, 0, 0
-24.908264, -3.049356, 7.604675, -20.896515, -8.048216, 8.009094, -20.923187, 1.951487, 7.011810, 0.899780, 0.000970, -0.369873, 0.000000,-24.008484, -3.048385, 7.234802, -19.996643, -8.047194, 7.638763, -20.023560, 1.952520, 6.641602, 0, 0
-24.008484, -3.048385, 7.234802, -19.996643, -8.047194, 7.638763, -20.023560, 1.952520, 6.641602, 0.859833, -0.019346, -0.007599, 0.000000,-23.148651, -3.067731, 7.227203, -19.136810, -8.066563, 7.630890, -19.163727, 1.933153, 6.633698, 0, 0
-23.148651, -3.067731, 7.227203, -19.136810, -8.066563, 7.630890, -19.163727, 1.933153, 6.633698, 0.979889, -0.039062, -0.008636, 0.000000,-22.168762, -3.106793, 7.218567, -18.156891, -8.105646, 7.621887, -18.183868, 1.894081, 6.624817, 0, 0
-22.168762, -3.106793, 7.218567, -18.156891, -8.105646, 7.621887, -18.183868, 1.894081, 6.624817, 0.979950, 0.000777, -0.009399, 0.000000,-21.188812, -3.106016, 7.209167, -17.176971, -8.104900, 7.612122, -17.203918, 1.894829, 6.615112, 0, 0
-21.188812, -3.106016, 7.209167, -17.176971, -8.104900, 7.612122, -17.203918, 1.894829, 6.615112, 0.999542, 0.000812, -0.009064, 0.000000,-20.189270, -3.105204, 7.200104, -16.177429, -8.104127, 7.602692, -16.204376, 1.895617, 6.605804, 0, 0
-20.189270, -3.105204, 7.200104, -16.177429, -8.104127, 7.602692, -16.204376, 1.895617, 6.605804, 0.999847, 0.000217, -0.010223, 0.000000,-19.189423, -3.104987, 7.189880, -15.177612, -8.103970, 7.592102, -15.204529, 1.895782, 6.595306, 0, 0
-19.189423, -3.104987, 7.189880, -15.177612, -8.103970, 7.592102, -15.204529, 1.895782, 6.595306, 1.000000, 0.000387, -0.010040, 0.000000,-18.189270, -3.104600, 7.179840, -14.177490, -8.103638, 7.581696, -14.204346, 1.896132, 6.585052, 0, 0
-18.189270, -3.104600, 7.179840, -14.177490, -8.103638, 7.581696, -14.204346, 1.896132, 6.585052, 0.999603, -0.020895, -0.009796, 0.000000,-17.189667, -3.125494, 7.170044, -13.177948, -8.124607, 7.571503, -13.204712, 1.875179, 6.575043, 0, 0
-17.189667, -3.125494, 7.170044, -13.177948, -8.124607, 7.571503, -13.204712, 1.875179, 6.575043, 0.999786, -0.020043, -0.010529, 0.000000,-16.189880, -3.145537, 7.159515, -12.178223, -8.144737, 7.560547, -12.204865, 1.855072, 6.564331, 0, 0
-16.189880, -3.145537, 7.159515, -12.178223, -8.144737, 7.560547, -12.204865, 1.855072, 6.564331, 0.999664, -0.019931, -0.010529, 0.000000,-15.190216, -3.165468, 7.148987, -11.178619, -8.164748, 7.549622, -11.205170, 1.835083, 6.553589, 0, 0
-15.190216, -3.165468, 7.148987, -11.178619, -8.164748, 7.549622, -11.205170, 1.835083, 6.553589, 0.999847, -0.000306, -0.010406, 0.000000,-14.190369, -3.165774, 7.138580, -10.178864, -8.165162, 7.538788, -10.205231, 1.834696, 6.543060, 0, 0
-14.190369, -3.165774, 7.138580, -10.178864, -8.165162, 7.538788, -10.205231, 1.834696, 6.543060, 0.999756, -0.000398, -0.010681, 0.000000,-13.190613, -3.166172, 7.127899, -9.179199, -8.165665, 7.527740, -9.205414, 1.834209, 6.532196, 0, 0
-13.190613, -3.166172, 7.127899, -9.179199, -8.165665, 7.527740, -9.205414, 1.834209, 6.532196, 0.999664, -0.000573, -0.010803, 0.000000,-12.190948, -3.166745, 7.117096, -8.179657, -8.166361, 7.516510, -8.205627, 1.833551, 6.521271, 0, 0
-12.190948, -3.166745, 7.117096, -8.179657, -8.166361, 7.516510, -8.205627, 1.833551, 6.521271, 0.999969, -0.001478, -0.010895, 0.000000,-11.190979, -3.168223, 7.106201, -7.179810, -8.167976, 7.505188, -7.205536, 1.831972, 6.510284, 0, 0
-11.190979, -3.168223, 7.106201, -7.179810, -8.167976, 7.505188, -7.205536, 1.831972, 6.510284, 0.999695, -0.021132, -0.010864, 0.000000,-10.191284, -3.189354, 7.095337, -6.180237, -8.189259, 7.493896, -6.205750, 1.810720, 6.499329, 0, 0
-10.191284, -3.189354, 7.095337, -6.180237, -8.189259, 7.493896, -6.205750, 1.810720, 6.499329, 0.779846, -0.021128, -0.008667, -0.950000,-9.411438, -3.210483, 7.086670, -5.400574, -8.210520, 7.484863, -5.425781, 1.789488, 6.490601, 0, 0
-9.411438, -3.210483, 7.086670, -5.400574, -8.210520, 7.484863, -5.425781, 1.789488, 6.490601, 0.659668, -0.021199, -0.007446, -0.850000,-8.751770, -3.231681, 7.079224, -4.741028, -7.281813, 7.477753, -4.766052, 0.818140, 6.482513, 0, 0
-8.751770, -3.231681, 7.079224, -4.741028, -7.281813, 7.477753, -4.766052, 0.818140, 6.482513, 0.759766, -0.041123, -0.008484, -0.850000,-7.992004, -3.272804, 7.070740, -3.981323, -6.473051, 7.469604, -4.006226, -0.073108, 6.473511, 0, 0
-7.992004, -3.272804, 7.070740, -3.981323, -6.473051, 7.469604, -4.006226, -0.073108, 6.473511, 0.759766, -0.021451, -0.008881, 1.000000,-7.232239, -3.294255, 7.061859, -3.221619, -5.644645, 7.461060, -3.246399, -0.944691, 6.463928, 0, 0
-7.232239, -3.294255, 7.061859, -3.221619, -5.644645, 7.461060, -3.246399, -0.944691, 6.463928, 0.919495, -0.001980, -0.010559, -0.750000,-6.312744, -3.296235, 7.051300, -2.302246, -6.646802, 7.449524, -2.326782, 0.053160, 6.453888, 0, 0
-6.312744, -3.296235, 7.051300, -2.302246, -6.646802, 7.449524, -2.326782, 0.053160, 6.453888, 0.458984, 0.499169, 0.096558, 0.000000,-5.853760, -2.797066, 7.147858, -1.842590, -5.397697, 7.539398, -1.868896, -0.197801, 6.542603, 1, -1
