-35.600006, -7.000007, 8.000000, -31.599976, -11.999985, 8.499969, -31.600037, -1.999982, 7.500031, 1.000000, 0.147652, -0.826416, 0.000000,-34.510529, -6.852355, 7.173584, -30.497955, -11.844262, 7.653168, -30.523224, -1.843678, 6.659454, 0, 0
-34.510529, -6.852355, 7.173584, -30.497955, -11.844262, 7.653168, -30.523224, -1.843678, 6.659454, 0.813629, 0.792947, -0.010590, 0.000000,-33.696899, -6.059408, 7.162994, -29.702911, -11.066307, 7.641541, -29.690979, -1.065689, 6.647949, 0, 0
-33.696899, -6.059408, 7.162994, -29.702911, -11.066307, 7.641541, -29.690979, -1.065689, 6.647949, 0.813477, 0.874957, -0.015259, 0.000000,-32.883423, -5.184451, 7.147736, -28.890045, -10.191993, 7.624756, -28.876892, -0.191362, 6.631256, 0, 0
-32.883423, -5.184451, 7.147736, -28.890045, -10.191993, 7.624756, -28.876892, -0.191362, 6.631256, 1.000000, 0.183985, -0.482819, 0.000000,-31.818726, -5.000466, 6.664917, -27.809448, -9.995221, 7.142548, -27.828125, 0.005301, 6.148041, 0, 0
-31.818726, -5.000466, 6.664917, -27.809448, -9.995221, 7.142548, -27.828125, 0.005301, 6.148041, 0.781128, 0.775242, -0.010376, 0.000000,-31.037598, -4.225225, 6.654541, -27.047485, -9.235382, 7.131256, -27.027863, 0.765100, 6.136414, 0, 0
-31.037598, -4.225225, 6.654541, -27.047485, -9.235382, 7.131256, -27.027863, 0.765100, 6.136414, 0.650452, 0.968849, 0.004211, 0.000000,-30.387146, -3.256376, 6.658752, -26.395508, -8.265177, 7.136902, -26.378937, 1.735188, 6.140808, 0, 0
-30.387146, -3.256376, 6.658752, -26.395508, -8.265177, 7.136902, -26.378937, 1.735188, 6.140808, 1.000000, 1.000000, -0.005096, 0.000000,-29.385101, -2.198944, 6.653656, -25.385895, -7.201710, 7.131683, -25.384430, 2.798576, 6.134674, 0, 0
-29.385101, -2.198944, 6.653656, -25.385895, -7.201710, 7.131683, -25.384430, 2.798576, 6.134674, 1.000000, 0.812889, -0.010193, 0.000000,-28.363556, -1.386055, 6.643463, -24.357910, -6.383691, 7.121399, -24.369324, 3.616487, 6.123383, 0, 0
-28.363556, -1.386055, 6.643463, -24.357910, -6.383691, 7.121399, -24.369324, 3.616487, 6.123383, 0.954407, 0.594658, -0.584595, 0.000000,-27.409149, -0.791396, 6.058868, -23.403198, -5.788822, 6.536499, -23.415222, 4.211378, 5.538666, 0, 0
-27.409149, -0.791396, 6.058868, -23.403198, -5.788822, 6.536499, -23.415222, 4.211378, 5.538666, 0.997101, -0.131334, -0.019073, 0.000000,-26.412048, -0.922730, 6.039795, -22.406982, -5.920975, 6.516113, -22.417267, 4.079210, 5.518158, 0, 0
-26.412048, -0.922730, 6.039795, -22.406982, -5.920975, 6.516113, -22.417267, 4.079210, 5.518158, 0.986328, -0.020198, -0.009033, 0.000000,-25.425720, -0.942928, 6.030762, -21.421173, -5.941618, 6.506927, -21.430389, 4.058487, 5.508118, 0, 0
-25.425720, -0.942928, 6.030762, -21.421173, -5.941618, 6.506927, -21.430389, 4.058487, 5.508118, 1.000000, -0.000351, -0.010132, 0.000000,-24.414825, -0.943279, 6.020630, -20.410217, -5.941974, 6.496033, -20.419586, 4.058224, 5.498138, 0, 0
-24.414825, -0.943279, 6.020630, -20.410217, -5.941974, 6.496033, -20.419586, 4.058224, 5.498138, 1.000000, 0.010097, 0.023438, 0.000000,-23.403412, -0.933183, 6.044067, -19.397095, -5.930198, 6.522858, -19.409851, 4.069868, 5.523712, 0, 0
-23.403412, -0.933183, 6.044067, -19.397095, -5.930198, 6.522858, -19.409851, 4.069868, 5.523712, 0.989075, -0.030410, -0.027130, 0.000000,-22.414337, -0.963593, 6.016937, -18.409790, -5.962262, 6.493164, -18.419037, 4.037921, 5.495087, 0, 0
-22.414337, -0.963593, 6.016937, -18.409790, -5.962262, 6.493164, -18.419037, 4.037921, 5.495087, 0.989716, 0.009921, 0.002838, 0.000000,-21.424622, -0.953671, 6.019775, -17.418518, -5.950982, 6.497375, -17.430847, 4.049106, 5.498444, 0, 0
-21.424622, -0.953671, 6.019775, -17.418518, -5.950982, 6.497375, -17.430847, 4.049106, 5.498444, 0.988373, -0.142833, -0.035034, 0.000000,-20.436249, -1.096505, 5.984741, -16.431610, -6.095315, 6.458801, -16.441040, 3.904905, 5.461121, 0, 0
-20.436249, -1.096505, 5.984741, -16.431610, -6.095315, 6.458801, -16.441040, 3.904905, 5.461121, 1.000000, -0.004207, 0.002930, 0.000000,-19.432190, -1.100711, 5.987671, -15.427429, -6.099301, 6.462982, -15.437103, 3.900867, 5.464813, 0, 0
-19.432190, -1.100711, 5.987671, -15.427429, -6.099301, 6.462982, -15.437103, 3.900867, 5.464813, 1.000000, 0.010898, -0.001465, 0.000000,-18.424500, -1.089813, 5.986206, -14.418335, -6.087194, 6.462372, -14.430817, 3.912940, 5.463867, 0, 0
-18.424500, -1.089813, 5.986206, -14.418335, -6.087194, 6.462372, -14.430817, 3.912940, 5.463867, 0.994720, -0.022769, -0.020996, 0.000000,-17.429779, -1.112583, 5.965210, -13.424438, -6.110802, 6.439697, -13.435272, 3.889378, 5.441650, 0, 0
-17.429779, -1.112583, 5.965210, -13.424438, -6.110802, 6.439697, -13.435272, 3.889378, 5.441650, 0.991852, -0.002173, -0.015625, 0.000000,-16.437927, -1.114756, 5.949585, -12.433228, -6.113585, 6.422882, -12.442810, 3.886675, 5.425598, 0, 0
-16.437927, -1.114756, 5.949585, -12.433228, -6.113585, 6.422882, -12.442810, 3.886675, 5.425598, 1.000000, 0.020161, 0.006805, 0.000000,-15.427307, -1.094595, 5.956390, -11.420319, -6.091459, 6.431183, -11.434448, 3.908802, 5.433960, 0, 0
-15.427307, -1.094595, 5.956390, -11.420319, -6.091459, 6.431183, -11.434448, 3.908802, 5.433960, 1.000000, 0.054442, -1.000000, 0.000000,-14.424011, -1.040153, 4.943085, -10.414398, -6.035005, 5.416779, -10.433807, 3.965264, 4.419739, 0, 0
-14.424011, -1.040153, 4.943085, -10.414398, -6.035005, 5.416779, -10.433807, 3.965264, 4.419739, 0.889893, -0.072321, -0.014740, 0.000000,-13.534119, -1.112474, 4.928345, -9.528381, -6.110472, 5.401703, -9.540009, 3.889832, 4.404938, 0, 0
-13.534119, -1.112474, 4.928345, -9.528381, -6.110472, 5.401703, -9.540009, 3.889832, 4.404938, 0.958405, -0.002473, -0.014740, 0.000000,-12.575714, -1.114947, 4.913605, -8.570587, -6.113505, 5.386078, -8.581024, 3.886822, 4.389526, 0, 0
-12.575714, -1.114947, 4.913605, -8.570587, -6.113505, 5.386078, -8.581024, 3.886822, 4.389526, 0.996765, 0.000374, 0.000214, 0.000000,-11.578949, -1.114573, 4.913818, -7.573975, -6.113222, 5.386658, -7.584106, 3.887147, 4.390503, 0, 0
-11.578949, -1.114573, 4.913818, -7.573975, -6.113222, 5.386658, -7.584106, 3.887147, 4.390503, 0.860413, -0.003059, -0.018738, 0.000000,-10.718536, -1.117633, 4.895081, -6.713501, -6.116339, 5.366943, -6.723755, 3.884079, 4.371307, 0, 0
-10.718536, -1.117633, 4.895081, -6.713501, -6.116339, 5.366943, -6.723755, 3.884079, 4.371307, 0.856171, -0.004846, -0.009399, 0.000000,-9.862366, -1.122479, 4.885681, -5.858398, -6.122097, 5.356873, -5.866516, 3.878333, 4.361359, 0, 0
-9.862366, -1.122479, 4.885681, -5.858398, -6.122097, 5.356873, -5.866516, 3.878333, 4.361359, 0.902435, 0.009536, -0.014160, 0.000000,-8.959930, -1.112943, 4.871521, -4.955261, -6.112060, 5.342102, -4.964783, 3.888413, 4.347015, 0, 0
-8.959930, -1.112943, 4.871521, -4.955261, -6.112060, 5.342102, -4.964783, 3.888413, 4.347015, 1.000000, 0.000741, -0.002472, 0.000000,-7.959869, -1.112202, 4.869049, -3.954895, -6.111035, 5.340027, -3.965027, 3.889467, 4.345184, 0, 0
-7.959869, -1.112202, 4.869049, -3.954895, -6.111035, 5.340027, -3.965027, 3.889467, 4.345184, 0.734924, -0.018576, -0.006744, 0.000000,-7.224945, -1.130777, 4.862305, -3.221497, -6.130854, 5.332794, -3.228638, 3.869690, 4.338409, 0, 0
-7.224945, -1.130777, 4.862305, -3.221497, -6.130854, 5.332794, -3.228638, 3.869690, 4.338409, -0.005157, 0.005656, -0.127533, -0.650000,-7.230103, -1.125121, 4.734772, -3.226196, -6.125753, 5.195465, -3.234314, 3.875158, 4.204742, 0, 0
-7.230103, -1.125121, 4.734772, -3.226196, -6.125753, 5.195465, -3.234314, 3.875158, 4.204742, 0.012360, 0.015296, 0.073395, -0.900000,-7.217743, -1.109825, 4.808167, -3.212402, -5.458442, 5.276245, -3.223328, 3.241985, 4.280823, 0, 0
-7.217743, -1.109825, 4.808167, -3.212402, -5.458442, 5.276245, -3.223328, 3.241985, 4.280823, -0.008453, -0.020571, 0.153137, 0.000000,-7.226196, -1.130395, 4.961304, -3.218262, -4.760462, 5.392120, -3.235291, 2.499914, 4.396088, 1, 1
-35.600006, -7.000007, 8.000000, -31.599976, -11.999983, 8.499969, -31.600037, -1.999986, 7.500031, 0.042938, 0.067869, -0.101990, 0.000000,-35.557068, -6.932137, 7.898010, -31.547760, -11.930649, 8.334167, -31.567261, -1.929806, 7.343048, 0, 0
-35.557068, -6.932137, 7.898010, -31.547760, -11.930649, 8.334167, -31.567261, -1.929806, 7.343048, 0.817352, 0.940202, -0.000702, 0.000000,-34.739716, -5.991935, 7.897308, -30.730408, -10.990417, 8.333893, -30.749908, -0.989682, 7.341675, 0, 0
-34.739716, -5.991935, 7.897308, -30.730408, -10.990417, 8.333893, -30.749908, -0.989682, 7.341675, 0.800934, 0.882134, -0.002167, 0.000000,-33.938782, -5.109801, 7.895142, -29.929504, -10.108273, 8.332092, -29.948944, -0.107635, 7.338867, 0, 0
-33.938782, -5.109801, 7.895142, -29.929504, -10.108273, 8.332092, -29.948944, -0.107635, 7.338867, 0.497589, 0.920289, 0.001282, 0.000000,-33.441193, -4.189513, 7.896423, -29.431976, -9.187977, 8.333832, -29.451324, 0.812553, 7.339569, 0, 0
-33.441193, -4.189513, 7.896423, -29.431976, -9.187977, 8.333832, -29.451324, 0.812553, 7.339569, 0.897247, 0.981407, -0.582367, 0.000000,-32.543945, -3.208106, 7.314056, -28.534607, -8.206465, 7.751678, -28.554199, 1.793961, 6.756348, 0, 0
-32.543945, -3.208106, 7.314056, -28.534607, -8.206465, 7.751678, -28.554199, 1.793961, 6.756348, 0.997955, 0.938938, -0.006622, 0.000000,-31.545990, -2.269167, 7.307434, -27.536682, -7.267525, 7.745392, -27.556213, 2.732794, 6.748993, 0, 0
-31.545990, -2.269167, 7.307434, -27.536682, -7.267525, 7.745392, -27.556213, 2.732794, 6.748993, 0.997131, 0.861342, -0.624146, 0.000000,-30.548859, -1.407825, 6.683289, -26.539429, -6.406079, 7.121338, -26.559204, 3.594148, 6.124023, 0, 0
-30.548859, -1.407825, 6.683289, -26.539429, -6.406079, 7.121338, -26.559204, 3.594148, 6.124023, 0.999786, 0.000039, -0.369690, 0.000000,-29.549072, -1.407786, 6.313599, -25.539520, -6.405968, 6.751251, -25.559570, 3.594257, 5.753906, 0, 0
-29.549072, -1.407786, 6.313599, -25.539520, -6.405968, 6.751251, -25.559570, 3.594257, 5.753906, 0.997620, 0.980237, -0.004272, 0.000000,-28.551453, -0.427549, 6.309326, -24.541931, -5.425736, 6.747375, -24.561920, 4.574375, 5.748871, 0, 0
-28.551453, -0.427549, 6.309326, -24.541931, -5.425736, 6.747375, -24.561920, 4.574375, 5.748871, 0.937958, 0.700666, -0.003815, 0.000000,-27.613495, 0.273117, 6.305511, -23.604004, -4.725072, 6.743713, -23.623932, 5.274962, 5.744446, 0, 0
-27.613495, 0.273117, 6.305511, -23.604004, -4.725072, 6.743713, -23.623932, 5.274962, 5.744446, 0.999786, 0.000552, -0.009583, 0.000000,-26.613708, 0.273669, 6.295929, -22.604187, -4.724525, 6.733856, -22.624176, 5.275502, 5.734528, 0, 0
-26.613708, 0.273669, 6.295929, -22.604187, -4.724525, 6.733856, -22.624176, 5.275502, 5.734528, 0.999298, -0.018572, -0.006744, 0.000000,-25.614410, 0.255097, 6.289185, -21.604858, -4.743094, 6.726837, -21.624939, 5.256925, 5.727448, 0, 0
-25.614410, 0.255097, 6.289185, -21.604858, -4.743094, 6.726837, -21.624939, 5.256925, 5.727448, 0.999664, 0.000875, -0.008911, 0.000000,-24.614746, 0.255972, 6.280273, -20.605194, -4.742247, 6.717621, -20.625275, 5.257770, 5.718201, 0, 0
-24.614746, 0.255972, 6.280273, -20.605194, -4.742247, 6.717621, -20.625275, 5.257770, 5.718201, 0.999725, -0.018904, -0.008545, 0.000000,-23.615021, 0.237068, 6.271729, -19.605469, -4.761165, 6.708771, -19.625580, 5.238853, 5.709381, 0, 0
-23.615021, 0.237068, 6.271729, -19.605469, -4.761165, 6.708771, -19.625580, 5.238853, 5.709381, 0.999573, 0.000021, -0.009766, 0.000000,-22.615448, 0.237089, 6.261963, -18.605896, -4.761173, 6.698700, -18.626007, 5.238844, 5.699280, 0, 0
-22.615448, 0.237089, 6.261963, -18.605896, -4.761173, 6.698700, -18.626007, 5.238844, 5.699280, 0.999268, 0.001375, -0.007874, 0.000000,-21.616180, 0.238464, 6.254089, -17.606628, -4.759838, 6.690521, -17.626740, 5.240185, 5.691162, 0, 0
-21.616180, 0.238464, 6.254089, -17.606628, -4.759838, 6.690521, -17.626740, 5.240185, 5.691162, 0.839386, 0.319527, -0.008179, 0.000000,-20.776794, 0.557991, 6.245911, -16.767303, -4.440352, 6.682251, -16.787323, 5.559643, 5.682617, 0, 0
-20.776794, 0.557991, 6.245911, -16.767303, -4.440352, 6.682251, -16.787323, 5.559643, 5.682617, 0.999969, -0.099487, -0.009552, 0.000000,-19.776825, 0.458504, 6.236359, -15.767365, -4.539901, 6.672302, -15.787323, 5.460114, 5.672882, 0, 0
-19.776825, 0.458504, 6.236359, -15.767365, -4.539901, 6.672302, -15.787323, 5.460114, 5.672882, 0.999359, -0.039536, -0.009521, 0.000000,-18.777466, 0.418967, 6.226837, -14.768036, -4.579505, 6.662415, -14.787933, 5.420519, 5.663116, 0, 0
-18.777466, 0.418967, 6.226837, -14.768036, -4.579505, 6.662415, -14.787933, 5.420519, 5.663116, 0.900330, -0.279787, -0.009735, 0.000000,-17.877136, 0.139180, 6.217102, -13.867767, -4.859365, 6.652191, -13.887573, 5.140709, 5.653320, 0, 0
-17.877136, 0.139180, 6.217102, -13.867767, -4.859365, 6.652191, -13.887573, 5.140709, 5.653320, 1.000000, -0.539756, -0.011230, 0.000000,-16.876556, -0.400576, 6.205872, -12.867218, -5.399221, 6.640320, -12.886932, 4.600916, 5.642120, 0, 0
-16.876556, -0.400576, 6.205872, -12.867218, -5.399221, 6.640320, -12.886932, 4.600916, 5.642120, 0.999542, -0.139791, -0.010315, 0.000000,-15.877014, -0.540367, 6.195557, -11.867767, -5.539108, 6.629547, -11.887329, 4.461070, 5.631683, 0, 0
-15.877014, -0.540367, 6.195557, -11.867767, -5.539108, 6.629547, -11.887329, 4.461070, 5.631683, 0.999664, -0.000211, -0.010193, 0.000000,-14.877350, -0.540578, 6.185364, -10.868195, -5.539430, 6.618988, -10.887573, 4.460766, 5.621307, 0, 0
-14.877350, -0.540578, 6.185364, -10.868195, -5.539430, 6.618988, -10.887573, 4.460766, 5.621307, 0.999329, -0.000165, -0.010284, 0.000000,-13.878021, -0.540743, 6.175079, -9.868958, -5.539716, 6.608337, -9.888153, 4.460503, 5.610901, 0, 0
-13.878021, -0.540743, 6.175079, -9.868958, -5.539716, 6.608337, -9.888153, 4.460503, 5.610901, 0.999695, -0.180856, -0.010620, 0.000000,-12.878326, -0.721599, 6.164459, -8.869385, -5.720700, 6.597229, -8.888367, 4.279563, 5.600220, 0, 0
-12.878326, -0.721599, 6.164459, -8.869385, -5.720700, 6.597229, -8.888367, 4.279563, 5.600220, 0.721008, -0.740686, -0.010132, 0.000000,-12.157318, -1.462285, 6.154327, -8.148468, -6.461507, 6.586426, -8.167267, 3.538851, 5.590363, 0, 0
-12.157318, -1.462285, 6.154327, -8.148468, -6.461507, 6.586426, -8.167267, 3.538851, 5.590363, 0.979156, -0.000883, -0.010406, 0.000000,-11.178162, -1.463168, 6.143921, -7.169434, -6.462541, 6.575623, -7.187988, 3.537841, 5.579834, 0, 0
-11.178162, -1.463168, 6.143921, -7.169434, -6.462541, 6.575623, -7.187988, 3.537841, 5.579834, 0.939148, -0.020837, -0.009338, 0.000000,-10.239014, -1.484005, 6.134583, -6.230469, -6.483529, 6.565918, -6.248718, 3.516890, 5.570465, 0, 0
-10.239014, -1.484005, 6.134583, -6.230469, -6.483529, 6.565918, -6.248718, 3.516890, 5.570465, 0.800049, -0.001569, -0.008759, 0.000000,-9.438965, -1.485574, 6.125824, -5.430542, -6.485241, 6.556854, -5.448486, 3.515203, 5.561646, 0, 0
-9.438965, -1.485574, 6.125824, -5.430542, -6.485241, 6.556854, -5.448486, 3.515203, 5.561646, 0.839478, -0.041255, -0.009033, 0.000000,-8.599487, -1.526829, 6.116791, -4.591187, -6.526640, 6.547485, -4.608887, 3.473830, 5.552582, 0, 0
-8.599487, -1.526829, 6.116791, -4.591187, -6.526640, 6.547485, -4.608887, 3.473830, 5.552582, -0.100830, 0.460030, 0.002350, 0.000000,-8.700317, -1.066799, 6.119141, -4.692017, -6.066592, 6.550110, -4.709717, 3.933834, 5.554718, 0, 0
-8.700317, -1.066799, 6.119141, -4.692017, -6.066592, 6.550110, -4.709717, 3.933834, 5.554718, 0.799225, -0.000927, -0.008392, 0.000000,-7.901093, -1.067726, 6.110748, -3.892944, -6.067654, 6.541382, -3.910339, 3.932804, 5.546326, 0, 0
-7.901093, -1.067726, 6.110748, -3.892944, -6.067654, 6.541382, -3.910339, 3.932804, 5.546326, 0.999298, -0.002066, -0.010834, -0.500000,-6.901794, -1.069792, 6.099915, -2.893860, -6.069919, 6.530151, -2.910889, 3.930584, 5.535492, 0, 0
-6.901794, -1.069792, 6.099915, -2.893860, -6.069919, 6.530151, -2.910889, 3.930584, 5.535492, -0.000061, -0.000492, -0.000122, -0.550000,-6.901855, -1.070284, 6.099792, -2.893921, -5.570415, 6.530334, -2.910950, 3.430052, 5.535065, 0, 0
-6.901855, -1.070284, 6.099792, -2.893921, -5.570415, 6.530334, -2.910950, 3.430052, 5.535065, -0.000732, 0.000270, 0.000610, -0.950000,-6.902588, -1.070014, 6.100403, -2.894653, -5.020121, 6.531250, -2.911682, 2.880264, 5.535370, 0, 0
-6.902588, -1.070014, 6.100403, -2.894653, -5.020121, 6.531250, -2.911682, 2.880264, 5.535370, -0.006348, -0.000893, 0.104889, 0.000000,-6.908936, -1.070906, 6.205292, -2.898926, -4.641039, 6.616486, -2.920837, 2.499318, 5.620209, 1, 1
-35.600006, -7.000007, 8.000000, -31.599976, -11.999983, 8.499969, -31.600037, -1.999986, 7.500031, 0.034607, 0.068359, -0.000092, 0.000000,-35.565399, -6.931648, 7.999908, -31.553986, -11.930162, 8.415924, -31.578430, -1.929330, 7.424805, 0, 0
-35.565399, -6.931648, 7.999908, -31.553986, -11.930162, 8.415924, -31.578430, -1.929330, 7.424805, 0.920166, 0.803991, -0.560333, 0.000000,-34.645233, -6.127657, 7.439575, -30.633698, -11.126078, 7.855682, -30.658386, -1.125330, 6.863708, 0, 0
-34.645233, -6.127657, 7.439575, -30.633698, -11.126078, 7.855682, -30.658386, -1.125330, 6.863708, 0.996704, 1.000000, -0.001465, 0.000000,-33.648529, -5.127249, 7.438110, -29.637024, -10.125658, 7.854645, -29.661652, -0.125029, 6.861450, 0, 0
-33.648529, -5.127249, 7.438110, -29.637024, -10.125658, 7.854645, -29.661652, -0.125029, 6.861450, 0.999054, 0.001897, -0.566589, 0.000000,-32.649475, -5.125353, 6.871521, -28.637817, -10.123667, 7.287598, -28.662781, -0.123041, 6.294403, 0, 0
-32.649475, -5.125353, 6.871521, -28.637817, -10.123667, 7.287598, -28.662781, -0.123041, 6.294403, 0.918671, 0.937623, -0.008667, 0.000000,-31.730804, -4.187729, 6.862854, -27.719147, -9.186027, 7.279358, -27.744110, 0.814478, 6.284943, 0, 0
-31.730804, -4.187729, 6.862854, -27.719147, -9.186027, 7.279358, -27.744110, 0.814478, 6.284943, 0.998199, 0.720740, -0.003876, 0.000000,-30.732605, -3.466990, 6.858978, -26.720978, -8.465279, 7.275726, -26.745911, 1.535135, 6.280396, 0, 0
-30.732605, -3.466990, 6.858978, -26.720978, -8.465279, 7.275726, -26.745911, 1.535135, 6.280396, 0.917755, 0.801047, -0.002655, 0.000000,-29.814850, -2.665942, 6.856323, -25.803223, -7.664225, 7.273315, -25.828125, 2.336099, 6.277130, 0, 0
-29.814850, -2.665942, 6.856323, -25.803223, -7.664225, 7.273315, -25.828125, 2.336099, 6.277130, 0.998474, 0.739613, -0.007172, 0.000000,-28.816376, -1.926330, 6.849152, -24.804779, -6.924607, 7.266357, -24.829651, 3.075630, 6.269287, 0, 0
-28.816376, -1.926330, 6.849152, -24.804779, -6.924607, 7.266357, -24.829651, 3.075630, 6.269287, 0.997986, 0.659666, -0.005768, 0.000000,-27.818390, -1.266664, 6.843384, -23.806824, -6.264942, 7.260742, -23.831665, 3.735218, 6.262909, 0, 0
-27.818390, -1.266664, 6.843384, -23.806824, -6.264942, 7.260742, -23.831665, 3.735218, 6.262909, 0.997711, 0.900644, -0.004181, 0.000000,-26.820679, -0.366020, 6.839203, -22.809113, -5.364298, 7.256836, -22.833923, 4.635771, 6.258057, 0, 0
-26.820679, -0.366020, 6.839203, -22.809113, -5.364298, 7.256836, -22.833923, 4.635771, 6.258057, 0.758301, 0.740263, -0.004242, 0.000000,-26.062378, 0.374243, 6.834961, -22.050842, -4.624041, 7.252808, -22.075592, 5.375949, 6.253265, 0, 0
-26.062378, 0.374243, 6.834961, -22.050842, -4.624041, 7.252808, -22.075592, 5.375949, 6.253265, 1.000000, 0.000683, -0.008911, 0.000000,-25.062256, 0.374926, 6.826050, -21.050720, -4.623372, 7.243622, -21.075500, 5.376614, 6.244019, 0, 0
-25.062256, 0.374926, 6.826050, -21.050720, -4.623372, 7.243622, -21.075500, 5.376614, 6.244019, 0.999451, 0.001480, -0.007751, 0.000000,-24.062805, 0.376406, 6.818298, -20.051239, -4.621900, 7.235565, -20.076080, 5.378082, 6.235931, 0, 0
-24.062805, 0.376406, 6.818298, -20.051239, -4.621900, 7.235565, -20.076080, 5.378082, 6.235931, 0.839417, -0.038662, -0.006256, 0.000000,-23.223389, 0.337744, 6.812042, -19.211823, -4.660586, 7.229034, -19.236694, 5.339402, 6.229431, 0, 0
-23.223389, 0.337744, 6.812042, -19.211823, -4.660586, 7.229034, -19.236694, 5.339402, 6.229431, 0.841064, -0.279692, -0.010132, 0.000000,-22.382324, 0.058052, 6.801910, -18.370728, -4.940292, 7.218475, -18.395660, 5.059725, 6.219177, 0, 0
-22.382324, 0.058052, 6.801910, -18.370728, -4.940292, 7.218475, -18.395660, 5.059725, 6.219177, 0.081329, -0.979240, -0.003418, 0.000000,-22.300995, -0.921188, 6.798492, -18.289368, -5.919552, 7.214447, -18.314362, 4.080561, 6.216095, 0, 0
-22.300995, -0.921188, 6.798492, -18.289368, -5.919552, 7.214447, -18.314362, 4.080561, 6.216095, 0.999481, 0.001286, -0.008301, 0.000000,-21.301514, -0.919903, 6.790192, -17.289917, -5.918305, 7.205811, -17.314880, 4.081812, 6.207520, 0, 0
-21.301514, -0.919903, 6.790192, -17.289917, -5.918305, 7.205811, -17.314880, 4.081812, 6.207520, 0.999359, 0.000973, -0.008545, 0.000000,-20.302155, -0.918930, 6.781647, -16.290558, -5.917377, 7.196960, -16.315521, 4.082748, 6.198730, 0, 0
-20.302155, -0.918930, 6.781647, -16.290558, -5.917377, 7.196960, -16.315521, 4.082748, 6.198730, 0.940887, -0.040423, -0.010773, 0.000000,-19.361267, -0.959353, 6.770874, -15.349731, -5.957863, 7.185852, -15.374603, 4.042276, 6.187775, 0, 0
-19.361267, -0.959353, 6.770874, -15.349731, -5.957863, 7.185852, -15.374603, 4.042276, 6.187775, 0.979553, -0.139150, -0.009186, 0.000000,-18.381714, -1.098503, 6.761688, -14.370209, -6.097076, 7.176239, -14.395020, 3.903088, 6.178406, 0, 0
-18.381714, -1.098503, 6.761688, -14.370209, -6.097076, 7.176239, -14.395020, 3.903088, 6.178406, 0.979736, -0.020097, -0.010315, 0.000000,-17.401978, -1.118600, 6.751373, -13.390533, -6.117249, 7.165558, -13.415253, 3.882929, 6.167877, 0, 0
-17.401978, -1.118600, 6.751373, -13.390533, -6.117249, 7.165558, -13.415253, 3.882929, 6.167877, 0.999451, -0.001649, -0.009796, 0.000000,-16.402527, -1.120249, 6.741577, -12.391174, -6.119000, 7.155396, -12.415710, 3.881197, 6.157898, 0, 0
-16.402527, -1.120249, 6.741577, -12.391174, -6.119000, 7.155396, -12.415710, 3.881197, 6.157898, 0.999176, -0.039723, -0.009186, 0.000000,-15.403351, -1.159973, 6.732391, -11.392059, -6.158815, 7.145813, -11.416473, 3.841410, 6.148590, 0, 0
-15.403351, -1.159973, 6.732391, -11.392059, -6.158815, 7.145813, -11.416473, 3.841410, 6.148590, 0.999115, 0.000125, -0.009521, 0.000000,-14.404236, -1.159847, 6.722870, -10.393036, -6.158799, 7.135925, -10.417267, 3.841450, 6.138885, 0, 0
-14.404236, -1.159847, 6.722870, -10.393036, -6.158799, 7.135925, -10.417267, 3.841450, 6.138885, 0.999084, -0.060551, -0.009644, 0.000000,-13.405151, -1.220398, 6.713226, -9.394073, -6.219473, 7.125885, -9.418091, 3.780804, 6.129150, 0, 0
-13.405151, -1.220398, 6.713226, -9.394073, -6.219473, 7.125885, -9.418091, 3.780804, 6.129150, 1.000000, -0.021787, -0.013184, 0.000000,-12.403931, -1.242185, 6.700043, -8.392975, -6.241395, 7.112305, -8.416748, 3.758905, 6.115875, 0, 0
-12.403931, -1.242185, 6.700043, -8.392975, -6.241395, 7.112305, -8.416748, 3.758905, 6.115875, 0.999512, -0.000707, -0.010651, 0.000000,-11.404419, -1.242892, 6.689392, -7.393585, -6.242237, 7.101257, -7.417114, 3.758093, 6.105103, 0, 0
-11.404419, -1.242892, 6.689392, -7.393585, -6.242237, 7.101257, -7.417114, 3.758093, 6.105103, 0.999390, -0.001103, -0.010315, 0.000000,-10.405029, -1.243995, 6.679077, -6.394348, -6.243502, 7.090546, -6.417603, 3.756863, 6.094727, 0, 0
-10.405029, -1.243995, 6.679077, -6.394348, -6.243502, 7.090546, -6.417603, 3.756863, 6.094727, 0.999451, -0.081486, -0.010864, 0.000000,-9.405579, -1.325481, 6.668213, -5.395081, -6.325150, 7.079254, -5.417969, 3.675261, 6.083832, 0, 0
-9.405579, -1.325481, 6.668213, -5.395081, -6.325150, 7.079254, -5.417969, 3.675261, 6.083832, 0.999481, -0.001878, -0.010986, 0.000000,-8.406097, -1.327359, 6.657227, -4.395813, -6.327219, 7.067841, -4.418335, 3.673229, 6.072815, 0, 0
-8.406097, -1.327359, 6.657227, -4.395813, -6.327219, 7.067841, -4.418335, 3.673229, 6.072815, 0.999603, -0.001765, -0.011047, 0.000000,-7.406494, -1.329124, 6.646179, -3.396362, -6.329161, 7.056396, -3.418518, 3.671328, 6.061737, 0, 0
-7.406494, -1.329124, 6.646179, -3.396362, -6.329161, 7.056396, -3.418518, 3.671328, 6.061737, 0.999512, -0.022242, -0.010712, -0.900000,-6.406982, -1.351366, 6.635468, -2.397095, -6.351608, 7.045258, -2.418823, 3.648920, 6.051056, 0, 0
-6.406982, -1.351366, 6.635468, -2.397095, -6.351608, 7.045258, -2.418823, 3.648920, 6.051056, -0.000305, -0.000167, -0.000183, -0.750000,-6.407288, -1.351532, 6.635284, -2.397400, -5.451756, 7.045685, -2.419128, 2.748672, 6.050385, 0, 0
-6.407288, -1.351532, 6.635284, -2.397400, -5.451756, 7.045685, -2.419128, 2.748672, 6.050385, -0.007629, -0.004243, 0.115845, 0.000000,-6.414917, -1.355776, 6.751129, -2.403931, -5.006154, 7.149384, -2.428467, 2.294225, 6.153442, 1, 1
-35.600006, -7.000007, 8.000000, -31.599976, -11.999983, 8.499969, -31.600037, -1.999986, 7.500031, 0.029694, 0.069416, 0.101868, 0.000000,-35.570313, -6.930591, 8.101868, -31.557556, -11.929133, 8.504608, -31.585266, -1.928318, 7.513428, 0, 0
-35.570313, -6.930591, 8.101868, -31.557556, -11.929133, 8.504608, -31.585266, -1.928318, 7.513428, 0.897308, 0.961115, -0.000763, 0.000000,-34.673004, -5.969476, 8.101105, -30.660278, -10.968008, 8.504242, -30.687927, -0.967299, 7.511932, 0, 0
-34.673004, -5.969476, 8.101105, -30.660278, -10.968008, 8.504242, -30.687927, -0.967299, 7.511932, 0.697693, 0.999080, -0.503815, 0.000000,-33.975311, -4.970396, 7.597290, -29.962524, -9.968861, 8.000732, -29.990295, 0.031740, 7.007355, 0, 0
-33.975311, -4.970396, 7.597290, -29.962524, -9.968861, 8.000732, -29.990295, 0.031740, 7.007355, 0.897644, 0.720486, -0.002075, 0.000000,-33.077667, -4.249910, 7.595215, -29.064911, -9.248359, 7.998901, -29.092682, 0.752155, 7.004639, 0, 0
-33.077667, -4.249910, 7.595215, -29.064911, -9.248359, 7.998901, -29.092682, 0.752155, 7.004639, 0.998077, 0.839605, -0.005463, 0.000000,-32.079590, -3.410305, 7.589752, -28.066833, -8.408731, 7.993713, -28.094604, 1.591686, 6.998474, 0, 0
-32.079590, -3.410305, 7.589752, -28.066833, -8.408731, 7.993713, -28.094604, 1.591686, 6.998474, 0.998016, 0.781097, -0.003143, 0.000000,-31.081573, -2.629208, 7.586609, -27.068817, -7.627620, 7.990814, -27.096588, 2.372701, 6.994659, 0, 0
-31.081573, -2.629208, 7.586609, -27.068817, -7.627620, 7.990814, -27.096588, 2.372701, 6.994659, 0.838043, 0.739874, -0.004486, 0.000000,-30.243530, -1.889333, 7.582123, -26.230774, -6.887734, 7.986572, -26.258545, 3.112507, 6.989594, 0, 0
-30.243530, -1.889333, 7.582123, -26.230774, -6.887734, 7.986572, -26.258545, 3.112507, 6.989594, 0.998077, 0.740357, -0.546783, 0.000000,-29.245453, -1.148976, 7.035339, -25.232605, -6.147295, 7.439789, -25.260590, 3.852867, 6.442047, 0, 0
-29.245453, -1.148976, 7.035339, -25.232605, -6.147295, 7.439789, -25.260590, 3.852867, 6.442047, 0.997925, 0.640732, -0.004303, 0.000000,-28.247528, -0.508245, 7.031036, -24.234680, -5.506557, 7.435638, -24.262665, 4.493526, 6.437103, 0, 0
-28.247528, -0.508245, 7.031036, -24.234680, -5.506557, 7.435638, -24.262665, 4.493526, 6.437103, 0.997894, 0.681164, -0.004639, 0.000000,-27.249634, 0.172919, 7.026398, -23.236786, -4.825392, 7.431122, -23.264771, 5.174619, 6.431854, 0, 0
-27.249634, 0.172919, 7.026398, -23.236786, -4.825392, 7.431122, -23.264771, 5.174619, 6.431854, 1.000000, 0.000117, -0.451721, 0.000000,-26.249512, 0.173037, 6.574677, -22.236542, -4.825206, 6.978943, -22.264801, 5.174807, 5.979736, 0, 0
-26.249512, 0.173037, 6.574677, -22.236542, -4.825206, 6.978943, -22.264801, 5.174807, 5.979736, 0.899109, -0.018677, -0.006104, 0.000000,-25.350403, 0.154360, 6.568573, -21.337463, -4.843914, 6.972565, -21.365692, 5.156097, 5.973297, 0, 0
-25.350403, 0.154360, 6.568573, -21.337463, -4.843914, 6.972565, -21.365692, 5.156097, 5.973297, 0.899963, 0.000379, -0.008575, 0.000000,-24.450439, 0.154738, 6.559998, -20.437469, -4.843536, 6.963745, -20.465759, 5.156471, 5.964447, 0, 0
-24.450439, 0.154738, 6.559998, -20.437469, -4.843536, 6.963745, -20.465759, 5.156471, 5.964447, 0.919922, 0.000823, -0.008545, 0.000000,-23.530518, 0.155561, 6.551453, -19.517548, -4.842734, 6.954895, -19.545868, 5.157277, 5.955627, 0, 0
-23.530518, 0.155561, 6.551453, -19.517548, -4.842734, 6.954895, -19.545868, 5.157277, 5.955627, 0.999237, -0.078551, -0.007935, 0.000000,-22.531281, 0.077010, 6.543518, -18.518311, -4.921314, 6.946625, -18.546631, 5.078705, 5.947418, 0, 0
-22.531281, 0.077010, 6.543518, -18.518311, -4.921314, 6.946625, -18.546631, 5.078705, 5.947418, 0.960358, -0.019842, -0.010010, 0.000000,-21.570923, 0.057168, 6.533508, -17.557953, -4.941198, 6.936279, -17.586273, 5.058823, 5.937134, 0, 0
-21.570923, 0.057168, 6.533508, -17.557953, -4.941198, 6.936279, -17.586273, 5.058823, 5.937134, 0.959015, 0.000854, -0.007843, 0.000000,-20.611908, 0.058022, 6.525665, -16.598999, -4.940411, 6.928131, -16.627228, 5.059616, 5.929047, 0, 0
-20.611908, 0.058022, 6.525665, -16.598999, -4.940411, 6.928131, -16.627228, 5.059616, 5.929047, 0.960114, -0.019604, -0.010193, 0.000000,-19.651794, 0.038418, 6.515472, -15.638885, -4.960055, 6.917572, -15.667114, 5.039986, 5.918640, 0, 0
-19.651794, 0.038418, 6.515472, -15.638885, -4.960055, 6.917572, -15.667114, 5.039986, 5.918640, 0.999847, -0.019540, -0.009308, 0.000000,-18.651947, 0.018878, 6.506165, -14.639099, -4.979660, 6.907928, -14.667236, 5.020392, 5.909088, 0, 0
-18.651947, 0.018878, 6.506165, -14.639099, -4.979660, 6.907928, -14.667236, 5.020392, 5.909088, 0.999268, -0.019378, -0.009247, 0.000000,-17.652679, -0.000500, 6.496918, -13.639893, -4.999116, 6.898285, -13.667908, 5.000957, 5.899628, 0, 0
-17.652679, -0.000500, 6.496918, -13.639893, -4.999116, 6.898285, -13.667908, 5.000957, 5.899628, 0.999298, -0.039469, -0.009308, 0.000000,-16.653381, -0.039968, 6.487610, -12.640656, -5.038674, 6.888611, -12.668549, 4.961422, 5.890137, 0, 0
-16.653381, -0.039968, 6.487610, -12.640656, -5.038674, 6.888611, -12.668549, 4.961422, 5.890137, 1.000000, -0.040407, -0.011597, 0.000000,-15.653107, -0.080376, 6.476013, -11.640472, -5.079170, 6.876617, -11.668243, 4.920946, 5.878357, 0, 0
-15.653107, -0.080376, 6.476013, -11.640472, -5.079170, 6.876617, -11.668243, 4.920946, 5.878357, 0.999542, -0.020267, -0.010223, 0.000000,-14.653564, -0.100643, 6.465790, -10.641022, -5.099550, 6.865997, -10.668610, 4.900586, 5.867981, 0, 0
-14.653564, -0.100643, 6.465790, -10.641022, -5.099550, 6.865997, -10.668610, 4.900586, 5.867981, 0.879272, -0.039917, -0.008453, 0.000000,-13.774292, -0.140560, 6.457336, -9.761841, -5.139568, 6.857178, -9.789246, 4.860597, 5.859436, 0, 0
-13.774292, -0.140560, 6.457336, -9.761841, -5.139568, 6.857178, -9.789246, 4.860597, 5.859436, 0.999329, -0.000270, -0.009705, 0.000000,-12.774963, -0.140830, 6.447632, -8.762634, -5.139969, 6.847076, -8.789795, 4.860220, 5.849609, 0, 0
-12.774963, -0.140830, 6.447632, -8.762634, -5.139969, 6.847076, -8.789795, 4.860220, 5.849609, 1.000000, -0.042543, -0.011932, 0.000000,-11.774689, -0.183373, 6.435699, -7.762482, -5.182636, 6.834747, -7.789429, 4.817589, 5.837585, 0, 0
-11.774689, -0.183373, 6.435699, -7.762482, -5.182636, 6.834747, -7.789429, 4.817589, 5.837585, 0.859589, -0.020962, -0.009003, 0.000000,-10.915100, -0.204335, 6.426697, -6.903015, -5.203742, 6.825409, -6.929688, 4.796510, 5.828522, 0, 0
-10.915100, -0.204335, 6.426697, -6.903015, -5.203742, 6.825409, -6.929688, 4.796510, 5.828522, 0.999695, -0.001284, -0.010956, 0.000000,-9.915405, -0.205619, 6.415741, -5.903503, -5.205186, 6.814026, -5.929871, 4.795104, 5.817474, 0, 0
-9.915405, -0.205619, 6.415741, -5.903503, -5.205186, 6.814026, -5.929871, 4.795104, 5.817474, 0.999573, -0.001413, -0.010681, 0.000000,-8.915833, -0.207032, 6.405060, -4.904114, -5.206775, 6.802917, -4.930115, 4.793553, 5.806763, 0, 0
-8.915833, -0.207032, 6.405060, -4.904114, -5.206775, 6.802917, -4.930115, 4.793553, 5.806763, 0.999390, -0.001608, -0.010864, 0.000000,-7.916443, -0.208640, 6.394196, -3.904907, -5.208556, 6.791656, -3.930603, 4.791811, 5.795837, 0, 0
-7.916443, -0.208640, 6.394196, -3.904907, -5.208556, 6.791656, -3.930603, 4.791811, 5.795837, 0.999390, -0.022215, -0.011017, 0.000000,-6.917053, -0.230855, 6.383179, -2.905701, -5.230978, 6.780182, -2.930969, 4.769434, 5.784821, 0, 0
-6.917053, -0.230855, 6.383179, -2.905701, -5.230978, 6.780182, -2.930969, 4.769434, 5.784821, -0.000427, 0.000311, 0.000000, -0.950000,-6.917480, -0.230544, 6.383179, -2.906128, -5.230663, 6.780182, -2.931396, 4.769745, 5.784821, 0, 0
-6.917480, -0.230544, 6.383179, -2.906128, -5.230663, 6.780182, -2.931396, 4.769745, 5.784821, 0.819641, -0.061726, -0.009155, -0.950000,-6.097839, -0.292270, 6.374023, -2.086609, -4.342550, 6.771149, -2.111633, 3.757854, 5.775208, 0, 0
-6.097839, -0.292270, 6.374023, -2.086609, -4.342550, 6.771149, -2.111633, 3.757854, 5.775208, -0.001709, -0.001260, 0.107239, 0.000000,-6.099548, -0.293530, 6.481262, -2.087341, -3.963776, 6.868622, -2.114868, 3.376593, 5.872223, 1, 1
-35.600006, -7.000007, 8.000000, -31.599976, -11.999983, 8.499969, -31.600037, -1.999986, 7.500031, 0.023468, 0.067942, 0.205750, 0.000000,-35.576538, -6.932065, 8.205750, -31.562744, -11.930629, 8.598114, -31.592987, -1.929807, 7.606934, 0, 0
-35.576538, -6.932065, 8.205750, -31.562744, -11.930629, 8.598114, -31.592987, -1.929807, 7.606934, 1.000000, 0.981086, -0.647308, 0.000000,-34.575470, -5.950979, 7.558441, -30.561554, -10.949441, 7.950958, -30.592072, -0.948730, 6.958740, 0, 0
-34.575470, -5.950979, 7.558441, -30.561554, -10.949441, 7.950958, -30.592072, -0.948730, 6.958740, 0.957336, 0.880599, -0.001556, 0.000000,-33.618134, -5.070380, 7.556885, -29.604248, -10.068834, 7.949738, -29.634705, -0.068224, 6.956451, 0, 0
-33.618134, -5.070380, 7.556885, -29.604248, -10.068834, 7.949738, -29.634705, -0.068224, 6.956451, 0.857727, 0.879996, -0.003418, 0.000000,-32.760406, -4.190385, 7.553467, -28.746552, -9.188833, 7.946655, -28.776978, 0.811674, 6.952362, 0, 0
-32.760406, -4.190385, 7.553467, -28.746552, -9.188833, 7.946655, -28.776978, 0.811674, 6.952362, 0.958282, 0.640517, -0.004517, 0.000000,-31.802124, -3.549868, 7.548950, -27.788269, -8.548300, 7.942322, -27.818695, 1.452129, 6.947235, 0, 0
-31.802124, -3.549868, 7.548950, -27.788269, -8.548300, 7.942322, -27.818695, 1.452129, 6.947235, 0.878052, 0.561062, -0.323914, 0.000000,-30.924072, -2.988806, 7.225037, -26.910156, -7.987183, 7.618439, -26.940735, 2.013181, 6.622711, 0, 0
-30.924072, -2.988806, 7.225037, -26.910156, -7.987183, 7.618439, -26.940735, 2.013181, 6.622711, 0.937836, 0.721139, -0.003113, 0.000000,-29.986237, -2.267666, 7.221924, -25.972321, -7.266036, 7.615540, -26.002899, 2.734243, 6.618958, 0, 0
-29.986237, -2.267666, 7.221924, -25.972321, -7.266036, 7.615540, -26.002899, 2.734243, 6.618958, 0.959106, 0.559043, -0.007874, 0.000000,-29.027130, -1.708623, 7.214050, -25.013214, -6.706980, 7.607758, -25.043793, 3.293236, 6.610535, 0, 0
-29.027130, -1.708623, 7.214050, -25.013214, -6.706980, 7.607758, -25.043793, 3.293236, 6.610535, 0.997559, 0.721007, -0.003693, 0.000000,-28.029572, -0.987617, 7.210358, -24.015686, -5.985979, 7.604248, -24.046234, 4.014151, 6.606171, 0, 0
-28.029572, -0.987617, 7.210358, -24.015686, -5.985979, 7.604248, -24.046234, 4.014151, 6.606171, 0.998077, 0.621199, -0.004883, 0.000000,-27.031494, -0.366418, 7.205475, -23.017609, -5.364773, 7.599457, -23.048157, 4.635288, 6.600708, 0, 0
-27.031494, -0.366418, 7.205475, -23.017609, -5.364773, 7.599457, -23.048157, 4.635288, 6.600708, 0.998718, 0.001865, -0.468109, 0.000000,-26.032776, -0.364552, 6.737366, -22.018768, -5.362856, 7.130859, -22.049591, 4.637209, 6.132172, 0, 0
-26.032776, -0.364552, 6.737366, -22.018768, -5.362856, 7.130859, -22.049591, 4.637209, 6.132172, 0.999908, 0.698551, -0.010956, 0.000000,-25.032867, 0.333999, 6.726410, -21.018890, -4.664313, 7.120056, -21.049652, 5.335682, 6.120605, 0, 0
-25.032867, 0.333999, 6.726410, -21.018890, -4.664313, 7.120056, -21.049652, 5.335682, 6.120605, 0.999023, 0.001416, -0.007385, 0.000000,-24.033844, 0.335415, 6.719025, -20.019867, -4.662920, 7.112366, -20.050659, 5.337070, 6.112915, 0, 0
-24.033844, 0.335415, 6.719025, -20.019867, -4.662920, 7.112366, -20.050659, 5.337070, 6.112915, 0.999786, 0.000830, -0.009155, 0.000000,-23.034058, 0.336245, 6.709869, -19.020081, -4.662118, 7.102875, -19.050873, 5.337877, 6.103455, 0, 0
-23.034058, 0.336245, 6.709869, -19.020081, -4.662118, 7.102875, -19.050873, 5.337877, 6.103455, 1.000000, -0.039384, -0.010010, 0.000000,-22.033813, 0.296861, 6.699860, -18.019836, -4.701529, 7.092529, -18.050659, 5.298471, 6.093170, 0, 0
-22.033813, 0.296861, 6.699860, -18.019836, -4.701529, 7.092529, -18.050659, 5.298471, 6.093170, 0.959747, -0.019259, -0.008942, 0.000000,-21.074066, 0.277601, 6.690918, -17.060120, -4.720834, 7.083252, -17.090912, 5.279173, 6.083984, 0, 0
-21.074066, 0.277601, 6.690918, -17.060120, -4.720834, 7.083252, -17.090912, 5.279173, 6.083984, 0.999420, -0.019220, -0.009094, 0.000000,-20.074646, 0.258381, 6.681824, -16.060730, -4.740106, 7.073822, -16.091461, 5.259907, 6.074615, 0, 0
-20.074646, 0.258381, 6.681824, -16.060730, -4.740106, 7.073822, -16.091461, 5.259907, 6.074615, 0.958252, -0.019484, -0.591278, 0.000000,-19.116394, 0.238897, 6.090546, -15.102417, -4.759603, 6.481934, -15.133270, 5.240446, 5.483063, 0, 0
-19.116394, 0.238897, 6.090546, -15.102417, -4.759603, 6.481934, -15.133270, 5.240446, 5.483063, 0.997589, 0.000836, -0.569885, 0.000000,-18.118805, 0.239734, 5.520660, -14.104828, -4.758800, 5.911530, -14.135712, 5.241283, 4.912933, 0, 0
-18.118805, 0.239734, 5.520660, -14.104828, -4.758800, 5.911530, -14.135712, 5.241283, 4.912933, 0.899811, 0.000001, -0.009094, 0.000000,-17.218994, 0.239735, 5.511566, -13.205078, -4.758876, 5.902130, -13.235870, 5.241207, 4.903625, 0, 0
-17.218994, 0.239735, 5.511566, -13.205078, -4.758876, 5.902130, -13.235870, 5.241207, 4.903625, 0.759735, -0.040055, -0.008087, 0.000000,-16.459259, 0.199679, 5.503479, -12.445404, -4.799014, 5.893707, -12.476074, 5.201094, 4.895416, 0, 0
-16.459259, 0.199679, 5.503479, -12.445404, -4.799014, 5.893707, -12.476074, 5.201094, 4.895416, 0.899139, 0.000224, -0.008759, 0.000000,-15.560120, 0.199903, 5.494720, -11.546356, -4.798876, 5.884613, -11.576874, 5.201250, 4.886505, 0, 0
-15.560120, 0.199903, 5.494720, -11.546356, -4.798876, 5.884613, -11.576874, 5.201250, 4.886505, 0.979034, 0.000000, -0.009766, 0.000000,-14.581085, 0.199903, 5.484955, -10.567413, -4.798985, 5.874481, -10.597748, 5.201159, 4.876587, 0, 0
-14.581085, 0.199903, 5.484955, -10.567413, -4.798985, 5.874481, -10.597748, 5.201159, 4.876587, 0.998932, -0.019977, -0.009735, 0.000000,-13.582153, 0.179927, 5.475220, -9.568604, -4.819079, 5.864380, -9.598724, 5.181093, 4.866699, 0, 0
-13.582153, 0.179927, 5.475220, -9.568604, -4.819079, 5.864380, -9.598724, 5.181093, 4.866699, 1.000000, -0.003484, -0.011658, 0.000000,-12.581207, 0.176443, 5.463562, -8.567780, -4.822708, 5.852325, -8.597656, 5.177493, 4.854919, 0, 0
-12.581207, 0.176443, 5.463562, -8.567780, -4.822708, 5.852325, -8.597656, 5.177493, 4.854919, 0.979462, -0.000853, -0.010315, 0.000000,-11.601746, 0.175591, 5.453247, -7.588470, -4.823707, 5.841614, -7.618042, 5.176523, 4.844513, 0, 0
-11.601746, 0.175591, 5.453247, -7.588470, -4.823707, 5.841614, -7.618042, 5.176523, 4.844513, 0.999451, -0.000827, -0.010376, 0.000000,-10.602295, 0.174764, 5.442871, -6.589172, -4.824690, 5.830841, -6.618469, 5.175570, 4.834045, 0, 0
-10.602295, 0.174764, 5.442871, -6.589172, -4.824690, 5.830841, -6.618469, 5.175570, 4.834045, 0.998840, -0.020996, -0.010162, 0.000000,-9.603455, 0.153768, 5.432709, -5.590515, -4.845860, 5.820251, -5.619446, 5.154438, 4.823792, 0, 0
-9.603455, 0.153768, 5.432709, -5.590515, -4.845860, 5.820251, -5.619446, 5.154438, 4.823792, 0.959778, -0.001659, -0.011108, 0.000000,-8.643677, 0.152108, 5.421600, -4.630920, -4.847692, 5.808746, -4.659485, 5.152638, 4.812653, 0, 0
-8.643677, 0.152108, 5.421600, -4.630920, -4.847692, 5.808746, -4.659485, 5.152638, 4.812653, 0.879517, -0.001712, -0.009857, -0.700000,-7.764160, 0.150396, 5.411743, -3.751587, -4.849572, 5.798492, -3.779846, 5.150800, 4.802765, 0, 0
-7.764160, 0.150396, 5.411743, -3.751587, -4.849572, 5.798492, -3.779846, 5.150800, 4.802765, -0.000214, -0.000257, -0.000031, -0.800000,-7.764374, 0.150139, 5.411713, -3.751831, -4.149821, 5.798798, -3.780029, 4.450498, 4.802429, 0, 0
-7.764374, 0.150139, 5.411713, -3.751831, -4.149821, 5.798798, -3.780029, 4.450498, 4.802429, -0.002228, -0.001394, 0.100372, 0.000000,-7.766602, 0.148745, 5.512085, -3.753174, -3.511295, 5.888977, -3.783752, 3.808994, 4.892242, 1, 1
-35.600006, -7.000007, 8.000000, -31.599976, -11.999983, 8.499969, -31.600037, -1.999986, 7.500031, 0.021973, 0.065938, 0.302094, 0.000000,-35.578033, -6.934069, 8.302094, -31.563263, -11.932634, 8.684143, -31.596069, -1.931830, 7.692993, 0, 0
-35.578033, -6.934069, 8.302094, -31.563263, -11.932634, 8.684143, -31.596069, -1.931830, 7.692993, 0.897614, 0.799997, -0.424164, 0.000000,-34.680420, -6.134072, 7.877930, -30.665588, -11.132579, 8.260101, -30.698547, -1.131867, 7.268066, 0, 0
-34.680420, -6.134072, 7.877930, -30.665588, -11.132579, 8.260101, -30.698547, -1.131867, 7.268066, 0.998352, 0.620093, -0.004822, 0.000000,-33.682068, -5.513979, 7.873108, -29.667236, -10.512468, 8.255463, -29.700195, -0.511837, 7.262634, 0, 0
-33.682068, -5.513979, 7.873108, -29.667236, -10.512468, 8.255463, -29.700195, -0.511837, 7.262634, 0.998505, 0.620748, -0.003998, 0.000000,-32.683563, -4.893231, 7.869110, -28.668732, -9.891708, 8.251617, -28.701721, 0.108845, 7.257965, 0, 0
-32.683563, -4.893231, 7.869110, -28.668732, -9.891708, 8.251617, -28.701721, 0.108845, 7.257965, 0.959290, -0.038310, -0.005859, 0.000000,-31.724274, -4.931540, 7.863251, -27.709351, -9.929974, 8.245514, -27.742523, 0.070559, 7.251709, 0, 0
-31.724274, -4.931540, 7.863251, -27.709351, -9.929974, 8.245514, -27.742523, 0.070559, 7.251709, 0.999359, -0.018315, -0.005951, 0.000000,-30.724915, -4.949855, 7.857300, -26.709961, -9.948269, 8.239319, -26.743225, 0.052254, 7.245392, 0, 0
-30.724915, -4.949855, 7.857300, -26.709961, -9.948269, 8.239319, -26.743225, 0.052254, 7.245392, 0.860321, -0.020462, -0.009308, 0.000000,-29.864594, -4.970317, 7.847992, -25.849609, -9.968727, 8.229797, -25.882935, 0.031788, 7.235748, 0, 0
-29.864594, -4.970317, 7.847992, -25.849609, -9.968727, 8.229797, -25.882935, 0.031788, 7.235748, 0.999664, -0.038518, -0.007477, 0.000000,-28.864929, -5.008835, 7.840515, -24.849884, -10.007225, 8.222046, -24.883362, -0.006727, 7.227905, 0, 0
-28.864929, -5.008835, 7.840515, -24.849884, -10.007225, 8.222046, -24.883362, -0.006727, 7.227905, 0.979431, 0.000291, -0.007538, 0.000000,-27.885498, -5.008544, 7.832977, -23.870453, -10.006931, 8.214233, -23.903961, -0.006445, 7.220032, 0, 0
-27.885498, -5.008544, 7.832977, -23.870453, -10.006931, 8.214233, -23.903961, -0.006445, 7.220032, 0.999573, 0.000858, -0.008057, 0.000000,-26.885925, -5.007687, 7.824921, -22.870850, -10.006085, 8.205933, -22.904419, -0.005600, 7.211609, 0, 0
-26.885925, -5.007687, 7.824921, -22.870850, -10.006085, 8.205933, -22.904419, -0.005600, 7.211609, 0.999237, -0.018347, -0.007416, 0.000000,-25.886688, -5.026033, 7.817505, -21.871582, -10.024430, 8.198212, -21.905243, -0.023946, 7.203888, 0, 0
-25.886688, -5.026033, 7.817505, -21.871582, -10.024430, 8.198212, -21.905243, -0.023946, 7.203888, 0.919434, -0.019893, -0.510498, 0.000000,-24.967255, -5.045927, 7.307007, -20.952087, -10.044306, 7.687225, -20.985901, -0.043806, 6.693054, 0, 0
-24.967255, -5.045927, 7.307007, -20.952087, -10.044306, 7.687225, -20.985901, -0.043806, 6.693054, 0.338165, 0.699234, 0.000671, 0.000000,-24.629089, -4.346693, 7.307678, -20.613983, -9.345089, 7.688232, -20.647675, 0.655334, 6.693298, 0, 0
-24.629089, -4.346693, 7.307678, -20.613983, -9.345089, 7.688232, -20.647675, 0.655334, 6.693298, 0.858643, 0.481103, -0.004639, 0.000000,-23.770447, -3.865589, 7.303040, -19.755341, -8.863991, 7.683624, -19.789032, 1.136391, 6.688232, 0, 0
-23.770447, -3.865589, 7.303040, -19.755341, -8.863991, 7.683624, -19.789032, 1.136391, 6.688232, 0.998291, 0.560706, -0.005646, 0.000000,-22.772156, -3.304883, 7.297394, -18.757080, -8.303322, 7.678009, -18.790710, 1.697005, 6.682098, 0, 0
-22.772156, -3.304883, 7.297394, -18.757080, -8.303322, 7.678009, -18.790710, 1.697005, 6.682098, 0.837341, 0.620180, -0.385468, 0.000000,-21.934814, -2.684703, 6.911926, -17.919739, -7.683146, 7.292480, -17.953369, 2.317135, 6.296112, 0, 0
-21.934814, -2.684703, 6.911926, -17.919739, -7.683146, 7.292480, -17.953369, 2.317135, 6.296112, 0.719910, 0.738385, -0.007874, 0.000000,-21.214905, -1.946318, 6.904053, -17.199890, -6.944795, 7.284821, -17.233398, 3.055417, 6.287720, 0, 0
-21.214905, -1.946318, 6.904053, -17.199890, -6.944795, 7.284821, -17.233398, 3.055417, 6.287720, 0.858643, 0.520543, -0.005707, 0.000000,-20.356262, -1.425775, 6.898346, -16.341309, -6.424288, 7.279144, -16.374725, 3.575876, 6.281616, 0, 0
-20.356262, -1.425775, 6.898346, -16.341309, -6.424288, 7.279144, -16.374725, 3.575876, 6.281616, 0.699066, 0.520035, -0.004852, 0.000000,-19.657196, -0.905740, 6.893494, -15.642303, -5.904294, 7.274353, -15.675629, 4.095829, 6.276337, 0, 0
-19.657196, -0.905740, 6.893494, -15.642303, -5.904294, 7.274353, -15.675629, 4.095829, 6.276337, 0.959808, -0.020256, -0.009491, 0.000000,-18.697388, -0.925996, 6.884003, -14.682526, -5.924611, 7.264526, -14.715790, 4.075519, 6.266663, 0, 0
-18.697388, -0.925996, 6.884003, -14.682526, -5.924611, 7.264526, -14.715790, 4.075519, 6.266663, 0.819855, -0.019683, -0.008209, 0.000000,-17.877533, -0.945679, 6.875793, -13.862732, -5.944345, 7.256012, -13.895905, 4.055802, 6.258270, 0, 0
-17.877533, -0.945679, 6.875793, -13.862732, -5.944345, 7.256012, -13.895905, 4.055802, 6.258270, 0.799011, 0.499759, -0.006409, 0.000000,-17.078522, -0.445920, 6.869385, -13.063782, -5.444653, 7.249573, -13.096832, 4.555456, 6.251495, 0, 0
-17.078522, -0.445920, 6.869385, -13.063782, -5.444653, 7.249573, -13.096832, 4.555456, 6.251495, 0.998993, 0.000435, -0.009064, 0.000000,-16.079529, -0.445485, 6.860321, -12.064880, -5.444310, 7.240143, -12.097778, 4.555812, 6.242218, 0, 0
-16.079529, -0.445485, 6.860321, -12.064880, -5.444310, 7.240143, -12.097778, 4.555812, 6.242218, 0.940155, -0.020608, -0.010468, 0.000000,-15.139374, -0.466093, 6.849854, -11.124817, -5.465011, 7.229340, -11.157562, 4.535139, 6.231628, 0, 0
-15.139374, -0.466093, 6.849854, -11.124817, -5.465011, 7.229340, -11.157562, 4.535139, 6.231628, 0.999542, -0.020146, -0.010315, 0.000000,-14.139832, -0.486239, 6.839539, -10.125336, -5.485257, 7.218628, -10.157928, 4.514917, 6.221161, 0, 0
-14.139832, -0.486239, 6.839539, -10.125336, -5.485257, 7.218628, -10.157928, 4.514917, 6.221161, 0.879517, -0.000301, -0.009094, 0.000000,-13.260315, -0.486541, 6.830444, -9.245941, -5.485667, 7.209167, -9.278351, 4.514535, 6.211945, 0, 0
-13.260315, -0.486541, 6.830444, -9.245941, -5.485667, 7.209167, -9.278351, 4.514535, 6.211945, 0.839691, -0.020347, -0.008667, 0.000000,-12.420624, -0.506887, 6.821777, -8.406342, -5.506129, 7.200165, -8.438538, 4.494099, 6.203186, 0, 0
-12.420624, -0.506887, 6.821777, -8.406342, -5.506129, 7.200165, -8.438538, 4.494099, 6.203186, 0.819763, -0.000704, -0.008972, 0.000000,-11.600861, -0.507591, 6.812805, -7.586700, -5.506947, 7.190857, -7.618683, 4.493303, 6.194122, 0, 0
-11.600861, -0.507591, 6.812805, -7.586700, -5.506947, 7.190857, -7.618683, 4.493303, 6.194122, 0.899719, -0.020823, -0.009583, 0.000000,-10.701141, -0.528415, 6.803223, -6.687134, -5.527903, 7.180908, -6.718872, 4.472379, 6.184479, 0, 0
-10.701141, -0.528415, 6.803223, -6.687134, -5.527903, 7.180908, -6.718872, 4.472379, 6.184479, 0.959473, -0.040800, -0.010101, 0.000000,-9.741669, -0.569215, 6.793121, -5.727783, -5.568850, 7.170380, -5.759277, 4.431465, 6.174316, 0, 0
-9.741669, -0.569215, 6.793121, -5.727783, -5.568850, 7.170380, -5.759277, 4.431465, 6.174316, 0.699554, -0.021011, -0.007538, 0.000000,-9.042114, -0.590226, 6.785583, -5.028320, -5.589980, 7.162537, -5.059570, 4.410366, 6.166748, 0, 0
-9.042114, -0.590226, 6.785583, -5.028320, -5.589980, 7.162537, -5.059570, 4.410366, 6.166748, 0.879944, -0.041972, -0.010101, 0.000000,-8.162170, -0.632198, 6.775482, -4.148560, -5.632116, 7.152039, -4.179504, 4.368270, 6.156616, 0, 0
-8.162170, -0.632198, 6.775482, -4.148560, -5.632116, 7.152039, -4.179504, 4.368270, 6.156616, 0.939392, -0.021960, -0.010345, -0.950000,-7.222778, -0.654159, 6.765137, -3.209412, -5.654272, 7.141296, -3.239929, 4.346149, 6.146240, 0, 0
-7.222778, -0.654159, 6.765137, -3.209412, -5.654272, 7.141296, -3.239929, 4.346149, 6.146240, 0.000183, -0.000098, 0.000031, -0.950000,-7.222595, -0.654257, 6.765167, -3.209229, -4.704342, 7.141785, -3.239746, 3.396003, 6.145844, 0, 0
-7.222595, -0.654257, 6.765167, -3.209229, -4.704342, 7.141785, -3.239746, 3.396003, 6.145844, -0.002319, -0.000648, 0.098145, 0.000000,-7.224915, -0.654904, 6.863312, -3.210754, -4.325046, 7.231018, -3.243408, 3.015291, 6.234863, 1, 1
-35.600006, -7.000007, 8.000000, -31.599976, -11.999983, 8.499969, -31.600037, -1.999986, 7.500031, 0.016724, 0.063661, 0.404449, 0.000000,-35.583282, -6.936346, 8.404449, -31.567749, -11.934965, 8.777740, -31.602539, -1.934178, 7.786469, 0, 0
-35.583282, -6.936346, 8.404449, -31.567749, -11.934965, 8.777740, -31.602539, -1.934178, 7.786469, 0.999176, 0.001512, -0.005219, 0.000000,-34.584106, -6.934834, 8.399231, -30.568481, -11.933416, 8.772278, -30.603455, -1.932648, 7.780853, 0, 0
-34.584106, -6.934834, 8.399231, -30.568481, -11.933416, 8.772278, -30.603455, -1.932648, 7.780853, 0.999420, 0.001812, -0.005188, 0.000000,-33.584686, -6.933022, 8.394043, -29.569000, -11.931566, 8.766876, -29.604126, -1.930818, 7.775238, 0, 0
-33.584686, -6.933022, 8.394043, -29.569000, -11.931566, 8.766876, -29.604126, -1.930818, 7.775238, 0.998901, -0.018715, -0.006042, 0.000000,-32.585785, -6.951736, 8.388000, -28.570068, -11.950262, 8.760590, -28.605286, -1.949532, 7.768768, 0, 0
-32.585785, -6.951736, 8.388000, -28.570068, -11.950262, 8.760590, -28.605286, -1.949532, 7.768768, 0.997162, 1.000000, -0.001740, 0.000000,-31.588623, -5.951326, 8.386261, -27.572937, -10.949856, 8.759247, -27.608093, -0.949242, 7.766266, 0, 0
-31.588623, -5.951326, 8.386261, -27.572937, -10.949856, 8.759247, -27.608093, -0.949242, 7.766266, 0.999786, 0.636444, -0.414795, 0.000000,-30.588837, -5.314882, 7.971466, -26.573090, -10.313352, 8.344421, -26.608429, -0.312809, 7.350800, 0, 0
-30.588837, -5.314882, 7.971466, -26.573090, -10.313352, 8.344421, -26.608429, -0.312809, 7.350800, 0.964233, 0.008062, -0.462830, 0.000000,-29.624603, -5.306820, 7.508636, -25.608704, -10.305218, 7.881165, -25.644348, -0.304674, 6.887512, 0, 0
-29.624603, -5.306820, 7.508636, -25.608704, -10.305218, 7.881165, -25.644348, -0.304674, 6.887512, 0.978180, 0.720036, -0.005188, 0.000000,-28.646423, -4.586785, 7.503448, -24.630585, -9.585201, 7.876190, -24.666138, 0.415265, 6.881714, 0, 0
-28.646423, -4.586785, 7.503448, -24.630585, -9.585201, 7.876190, -24.666138, 0.415265, 6.881714, 0.938263, 0.541260, -0.004059, 0.000000,-27.708160, -4.045525, 7.499390, -23.692322, -9.043938, 7.872223, -23.727875, 0.956461, 6.877106, 0, 0
-27.708160, -4.045525, 7.499390, -23.692322, -9.043938, 7.872223, -23.727875, 0.956461, 6.877106, 0.998962, 0.580060, -0.007629, 0.000000,-26.709198, -3.465465, 7.491760, -22.693359, -8.463879, 7.864655, -22.728912, 1.536457, 6.868896, 0, 0
-26.709198, -3.465465, 7.491760, -22.693359, -8.463879, 7.864655, -22.728912, 1.536457, 6.868896, 0.818054, 0.500591, -0.365784, 0.000000,-25.891144, -2.964874, 7.125977, -21.875275, -7.963261, 7.498779, -21.910919, 2.037033, 6.502594, 0, 0
-25.891144, -2.964874, 7.125977, -21.875275, -7.963261, 7.498779, -21.910919, 2.037033, 6.502594, 0.638977, 0.520096, -0.003723, 0.000000,-25.252167, -2.444778, 7.122253, -21.236298, -7.443174, 7.495209, -21.271942, 2.557062, 6.498444, 0, 0
-25.252167, -2.444778, 7.122253, -21.236298, -7.443174, 7.495209, -21.271942, 2.557062, 6.498444, -0.001099, 0.519146, 0.001434, 0.000000,-25.253265, -1.925632, 7.123688, -21.237457, -6.924045, 7.496918, -21.272980, 3.076143, 6.499695, 0, 0
-25.253265, -1.925632, 7.123688, -21.237457, -6.924045, 7.496918, -21.272980, 3.076143, 6.499695, 0.859558, -0.018320, -0.006348, 0.000000,-24.393707, -1.943952, 7.117340, -20.377869, -6.942361, 7.490326, -20.413483, 3.057826, 6.493073, 0, 0
-24.393707, -1.943952, 7.117340, -20.377869, -6.942361, 7.490326, -20.413483, 3.057826, 6.493073, -0.041473, 0.619618, 0.003235, 0.000000,-24.435181, -1.324334, 7.120575, -20.419403, -6.322754, 7.493927, -20.454895, 3.677377, 6.496094, 0, 0
-24.435181, -1.324334, 7.120575, -20.419403, -6.322754, 7.493927, -20.454895, 3.677377, 6.496094, 0.940338, 0.000360, -0.009949, 0.000000,-23.494843, -1.323973, 7.110626, -19.479065, -6.322412, 7.483704, -19.514587, 3.677711, 6.485840, 0, 0
-23.494843, -1.323973, 7.110626, -19.479065, -6.322412, 7.483704, -19.514587, 3.677711, 6.485840, 0.818176, 0.558846, -0.004791, 0.000000,-22.676666, -0.765127, 7.105835, -18.660919, -5.763599, 7.478973, -18.696350, 4.236478, 6.480591, 0, 0
-22.676666, -0.765127, 7.105835, -18.660919, -5.763599, 7.478973, -18.696350, 4.236478, 6.480591, -0.041107, 0.658918, 0.001648, 0.000000,-22.717773, -0.106209, 7.107483, -18.702087, -5.104684, 7.481018, -18.737427, 4.895325, 6.481995, 0, 0
-22.717773, -0.106209, 7.107483, -18.702087, -5.104684, 7.481018, -18.737427, 4.895325, 6.481995, 0.919312, -0.019161, -0.409973, 0.000000,-21.798462, -0.125370, 6.697510, -17.782684, -5.123821, 7.070557, -17.818207, 4.876213, 6.071747, 0, 0
-21.798462, -0.125370, 6.697510, -17.782684, -5.123821, 7.070557, -17.818207, 4.876213, 6.071747, 0.858398, 0.620221, -0.005554, 0.000000,-20.940063, 0.494851, 6.691956, -16.924347, -4.503653, 7.065094, -16.959747, 5.496325, 6.065704, 0, 0
-20.940063, 0.494851, 6.691956, -16.924347, -4.503653, 7.065094, -16.959747, 5.496325, 6.065704, 0.878815, 0.580215, -0.006622, 0.000000,-20.061249, 1.075067, 6.685333, -16.045593, -3.923476, 7.058472, -16.080902, 6.076451, 6.058624, 0, 0
-20.061249, 1.075067, 6.685333, -16.045593, -3.923476, 7.058472, -16.080902, 6.076451, 6.058624, 0.958374, 0.580373, -0.006622, 0.000000,-19.102875, 1.655439, 6.678711, -15.087280, -3.343162, 7.051849, -15.122467, 6.656722, 6.051544, 0, 0
-19.102875, 1.655439, 6.678711, -15.087280, -3.343162, 7.051849, -15.122467, 6.656722, 6.051544, 0.999207, -0.039700, -0.009308, 0.000000,-18.103668, 1.615740, 6.669403, -14.088135, -3.382922, 7.042145, -14.123260, 6.616976, 6.041992, 0, 0
-18.103668, 1.615740, 6.669403, -14.088135, -3.382922, 7.042145, -14.123260, 6.616976, 6.041992, 0.999512, 0.000764, -0.009277, 0.000000,-17.104156, 1.616504, 6.660126, -13.088654, -3.382227, 7.032471, -13.123718, 6.617691, 6.032501, 0, 0
-17.104156, 1.616504, 6.660126, -13.088654, -3.382227, 7.032471, -13.123718, 6.617691, 6.032501, 1.000000, -0.040594, -0.012482, 0.000000,-16.103302, 1.575910, 6.647644, -12.087891, -3.422918, 7.019562, -12.122772, 6.577027, 6.019867, 0, 0
-16.103302, 1.575910, 6.647644, -12.087891, -3.422918, 7.019562, -12.122772, 6.577027, 6.019867, 0.939453, -0.020067, -0.009521, 0.000000,-15.163849, 1.555842, 6.638123, -11.148499, -3.443072, 7.009674, -11.183289, 6.556889, 6.010132, 0, 0
-15.163849, 1.555842, 6.638123, -11.148499, -3.443072, 7.009674, -11.183289, 6.556889, 6.010132, 0.999603, -0.019947, -0.010376, 0.000000,-14.164246, 1.535895, 6.627747, -10.148987, -3.463121, 6.998901, -10.183594, 6.536868, 5.999634, 0, 0
-14.164246, 1.535895, 6.627747, -10.148987, -3.463121, 6.998901, -10.183594, 6.536868, 5.999634, 0.999756, -0.020313, -0.010559, 0.000000,-13.164490, 1.515582, 6.617188, -9.149353, -3.483557, 6.987915, -9.183746, 6.516464, 5.988922, 0, 0
-13.164490, 1.515582, 6.617188, -9.149353, -3.483557, 6.987915, -9.183746, 6.516464, 5.988922, 0.919281, -0.020172, -0.009308, 0.000000,-12.245209, 1.495410, 6.607880, -8.230164, -3.503841, 6.978210, -8.264374, 6.496204, 5.979492, 0, 0
-12.245209, 1.495410, 6.607880, -8.230164, -3.503841, 6.978210, -8.264374, 6.496204, 5.979492, 1.000000, -0.021098, -0.012146, 0.000000,-11.244904, 1.474312, 6.595734, -7.230011, -3.525085, 6.965607, -7.263947, 6.474995, 5.967255, 0, 0
-11.244904, 1.474312, 6.595734, -7.230011, -3.525085, 6.965607, -7.263947, 6.474995, 5.967255, 0.999756, -0.040937, -0.010803, 0.000000,-10.245148, 1.433374, 6.584930, -6.230408, -3.566175, 6.954376, -6.264099, 6.433942, 5.956390, 0, 0
-10.245148, 1.433374, 6.584930, -6.230408, -3.566175, 6.954376, -6.264099, 6.433942, 5.956390, 0.739655, -0.040846, -0.008362, 0.000000,-9.505493, 1.392529, 6.576569, -5.490845, -3.607139, 6.945648, -5.524292, 6.393012, 5.947968, 0, 0
-9.505493, 1.392529, 6.576569, -5.490845, -3.607139, 6.945648, -5.524292, 6.393012, 5.947968, 0.759674, -0.041031, -0.008179, 0.000000,-8.745819, 1.351498, 6.568390, -4.731323, -3.648304, 6.937164, -4.764526, 6.351876, 5.939758, 0, 0
-8.745819, 1.351498, 6.568390, -4.731323, -3.648304, 6.937164, -4.764526, 6.351876, 5.939758, 0.021088, -0.800077, -0.002289, 0.000000,-8.724731, 0.551420, 6.566101, -4.710205, -4.448402, 6.934479, -4.743408, 5.551848, 5.937805, 0, 0
-8.724731, 0.551420, 6.566101, -4.710205, -4.448402, 6.934479, -4.743408, 5.551848, 5.937805, 0.839569, -0.001218, -0.009583, 0.000000,-7.885162, 0.550202, 6.556519, -3.870789, -4.449775, 6.924500, -3.903748, 5.550517, 5.928192, 0, 0
-7.885162, 0.550202, 6.556519, -3.870789, -4.449775, 6.924500, -3.903748, 5.550517, 5.928192, 0.659546, -0.001441, -0.007111, -0.950000,-7.225616, 0.548761, 6.549408, -3.211426, -4.451351, 6.917114, -3.244019, 5.548972, 5.921082, 0, 0
-7.225616, 0.548761, 6.549408, -3.211426, -4.451351, 6.917114, -3.244019, 5.548972, 5.921082, -0.000183, 0.000071, -0.000183, -0.850000,-7.225800, 0.548832, 6.549225, -3.211609, -3.501263, 6.917236, -3.244202, 4.599015, 5.920563, 0, 0
-7.225800, 0.548832, 6.549225, -3.211609, -3.501263, 6.917236, -3.244202, 4.599015, 5.920563, -0.002930, -0.001200, 0.097778, 0.000000,-7.228729, 0.547632, 6.647003, -3.213806, -2.992470, 7.006927, -3.248413, 4.087790, 6.010010, 1, 1
-35.600006, -7.000007, 8.000000, -31.599976, -11.999983, 8.499969, -31.600037, -1.999986, 7.500031, 0.014282, 0.065881, 0.509277, 0.000000,-35.585724, -6.934126, 8.509277, -31.569550, -11.932814, 8.874634, -31.606140, -1.932033, 7.883301, 0, 0
-35.585724, -6.934126, 8.509277, -31.569550, -11.932814, 8.874634, -31.606140, -1.932033, 7.883301, 1.000000, -0.000522, -0.451935, 0.000000,-34.585480, -6.934649, 8.057343, -30.569122, -11.933235, 8.422272, -30.606079, -1.932461, 7.430878, 0, 0
-34.585480, -6.934649, 8.057343, -30.569122, -11.933235, 8.422272, -30.606079, -1.932461, 7.430878, 0.799286, -0.018530, -0.003601, 0.000000,-33.786194, -6.953179, 8.053741, -29.769806, -11.951746, 8.418457, -29.806854, -1.950989, 7.426941, 0, 0
-33.786194, -6.953179, 8.053741, -29.769806, -11.951746, 8.418457, -29.806854, -1.950989, 7.426941, 0.879791, 0.000078, -0.007629, 0.000000,-32.906403, -6.953101, 8.046112, -28.889954, -11.951647, 8.410645, -28.927124, -1.950906, 7.418945, 0, 0
-32.906403, -6.953101, 8.046112, -28.889954, -11.951647, 8.410645, -28.927124, -1.950906, 7.418945, 0.942444, 0.003018, -0.005615, 0.000000,-31.963959, -6.950082, 8.040497, -27.947479, -11.948601, 8.404785, -27.984772, -1.947875, 7.412964, 0, 0
-31.963959, -6.950082, 8.040497, -27.947479, -11.948601, 8.404785, -27.984772, -1.947875, 7.412964, -0.041718, 0.639384, 0.003540, 0.000000,-32.005676, -6.310699, 8.044037, -27.989258, -11.309246, 8.408752, -28.026398, -1.308580, 7.416260, 0, 0
-32.005676, -6.310699, 8.044037, -27.989258, -11.309246, 8.408752, -28.026398, -1.308580, 7.416260, -0.001892, 0.619341, 0.003845, 0.000000,-32.007568, -5.691358, 8.047882, -27.991241, -10.689953, 8.412964, -28.028198, -0.689350, 7.419861, 0, 0
-32.007568, -5.691358, 8.047882, -27.991241, -10.689953, 8.412964, -28.028198, -0.689350, 7.419861, 0.759827, -0.017953, -0.004120, 0.000000,-31.247742, -5.709311, 8.043762, -27.231323, -10.707845, 8.408691, -27.268463, -0.707251, 7.415466, 0, 0
-31.247742, -5.709311, 8.043762, -27.231323, -10.707845, 8.408691, -27.268463, -0.707251, 7.415466, 0.738831, 0.499347, -0.006104, 0.000000,-30.508911, -5.209965, 8.037659, -26.492523, -10.208504, 8.402679, -26.529633, -0.207973, 7.408905, 0, 0
-30.508911, -5.209965, 8.037659, -26.492523, -10.208504, 8.402679, -26.529633, -0.207973, 7.408905, 0.558685, 0.579327, -0.003174, 0.000000,-29.950226, -4.630638, 8.034485, -25.933838, -9.629179, 8.399719, -25.970947, 0.371295, 7.405304, 0, 0
-29.950226, -4.630638, 8.034485, -25.933838, -9.629179, 8.399719, -25.970947, 0.371295, 7.405304, -0.001587, 0.599333, 0.002533, 0.000000,-29.951813, -4.031305, 8.037018, -25.935516, -9.029875, 8.402618, -25.972443, 0.970535, 7.407593, 0, 0
-29.951813, -4.031305, 8.037018, -25.935516, -9.029875, 8.402618, -25.972443, 0.970535, 7.407593, 0.499237, 0.459858, -0.002289, 0.000000,-29.452576, -3.571447, 8.034729, -25.436279, -8.570010, 8.400482, -25.473206, 1.430347, 7.404968, 0, 0
-29.452576, -3.571447, 8.034729, -25.436279, -8.570010, 8.400482, -25.473206, 1.430347, 7.404968, 0.699066, 0.001575, -0.405273, 0.000000,-28.753510, -3.569872, 7.629456, -24.737091, -8.568370, 7.994843, -24.774292, 1.431992, 6.999359, 0, 0
-28.753510, -3.569872, 7.629456, -24.737091, -8.568370, 7.994843, -24.774292, 1.431992, 6.999359, 0.618652, 0.460701, -0.001770, 0.000000,-28.134857, -3.109172, 7.627686, -24.118469, -8.107676, 7.993195, -24.155640, 1.892634, 6.997192, 0, 0
-28.134857, -3.109172, 7.627686, -24.118469, -8.107676, 7.993195, -24.155640, 1.892634, 6.997192, 0.758270, 0.560580, -0.003021, 0.000000,-27.376587, -2.548592, 7.624664, -23.360199, -7.547101, 7.990326, -23.397339, 2.453147, 6.993683, 0, 0
-27.376587, -2.548592, 7.624664, -23.360199, -7.547101, 7.990326, -23.397339, 2.453147, 6.993683, 0.658112, 0.600471, -0.002716, 0.000000,-26.718475, -1.948121, 7.621948, -22.702118, -6.946641, 7.987762, -22.739227, 3.053547, 6.990509, 0, 0
-26.718475, -1.948121, 7.621948, -22.702118, -6.946641, 7.987762, -22.739227, 3.053547, 6.990509, 0.760620, 0.578262, -0.008972, 0.000000,-25.957855, -1.369858, 7.612976, -21.941498, -6.368374, 7.978912, -21.978607, 3.631756, 6.981079, 0, 0
-25.957855, -1.369858, 7.612976, -21.941498, -6.368374, 7.978912, -21.978607, 3.631756, 6.981079, 0.718719, 0.520717, -0.003601, 0.000000,-25.239136, -0.849141, 7.609375, -21.222809, -5.847672, 7.975403, -21.259857, 4.152411, 6.977020, 0, 0
-25.239136, -0.849141, 7.609375, -21.222809, -5.847672, 7.975403, -21.259857, 4.152411, 6.977020, 0.499268, 0.479722, -0.003479, 0.000000,-24.739868, -0.369419, 7.605896, -20.723572, -5.367963, 7.972015, -20.760590, 4.632069, 6.973206, 0, 0
-24.739868, -0.369419, 7.605896, -20.723572, -5.367963, 7.972015, -20.760590, 4.632069, 6.973206, 0.578827, 0.440122, -0.003204, 0.000000,-24.161041, 0.070703, 7.602692, -20.144775, -4.927850, 7.968903, -20.181763, 5.072142, 6.969666, 0, 0
-24.161041, 0.070703, 7.602692, -20.144775, -4.927850, 7.968903, -20.181763, 5.072142, 6.969666, 0.999756, 0.001014, -0.330231, 0.000000,-23.161285, 0.071716, 7.272461, -19.144928, -4.926807, 7.638214, -19.182098, 5.073193, 6.639069, 0, 0
-23.161285, 0.071716, 7.272461, -19.144928, -4.926807, 7.638214, -19.182098, 5.073193, 6.639069, 0.858551, 0.480885, -0.004974, 0.000000,-22.302734, 0.552601, 7.267487, -18.286407, -4.445954, 7.633240, -18.323517, 5.554002, 6.633636, 0, 0
-22.302734, 0.552601, 7.267487, -18.286407, -4.445954, 7.633240, -18.323517, 5.554002, 6.633636, 0.838959, 0.559741, -0.006531, 0.000000,-21.463776, 1.112342, 7.260956, -17.447479, -3.886238, 7.626740, -17.484558, 6.113673, 6.626648, 0, 0
-21.463776, 1.112342, 7.260956, -17.447479, -3.886238, 7.626740, -17.484558, 6.113673, 6.626648, 0.999359, 0.001249, -0.008240, 0.000000,-20.464417, 1.113591, 7.252716, -16.448151, -3.885023, 7.618164, -16.485199, 6.114889, 6.618164, 0, 0
-20.464417, 1.113591, 7.252716, -16.448151, -3.885023, 7.618164, -16.485199, 6.114889, 6.618164, 0.920593, -0.020247, -0.010529, 0.000000,-19.543823, 1.093344, 7.242188, -15.527588, -3.905320, 7.607269, -15.564606, 6.094605, 6.607391, 0, 0
-19.543823, 1.093344, 7.242188, -15.527588, -3.905320, 7.607269, -15.564606, 6.094605, 6.607391, 0.998566, 0.000524, -0.531219, 0.000000,-18.545258, 1.093867, 6.710968, -14.528992, -3.904812, 7.075470, -14.566101, 6.095144, 6.075867, 0, 0
-18.545258, 1.093867, 6.710968, -14.528992, -3.904812, 7.075470, -14.566101, 6.095144, 6.075867, 0.999268, 0.000853, -0.008942, 0.000000,-17.545990, 1.094720, 6.702026, -13.529755, -3.904020, 7.066162, -13.566803, 6.095941, 6.066681, 0, 0
-17.545990, 1.094720, 6.702026, -13.529755, -3.904020, 7.066162, -13.566803, 6.095941, 6.066681, 0.959808, -0.000013, -0.009735, 0.000000,-16.586182, 1.094707, 6.692291, -12.570038, -3.904126, 7.056061, -12.606934, 6.095859, 6.056763, 0, 0
-16.586182, 1.094707, 6.692291, -12.570038, -3.904126, 7.056061, -12.606934, 6.095859, 6.056763, 0.879913, -0.019763, -0.009277, 0.000000,-15.706268, 1.074944, 6.683014, -11.690186, -3.923960, 7.046417, -11.726990, 6.076040, 6.047302, 0, 0
-15.706268, 1.074944, 6.683014, -11.690186, -3.923960, 7.046417, -11.726990, 6.076040, 6.047302, 0.999481, -0.020047, -0.010254, 0.000000,-14.706787, 1.054896, 6.672760, -10.690796, -3.944111, 7.035767, -10.727417, 6.055916, 6.036896, 0, 0
-14.706787, 1.054896, 6.672760, -10.690796, -3.944111, 7.035767, -10.727417, 6.055916, 6.036896, 0.799103, -0.039987, -0.007751, 0.000000,-13.907684, 1.014910, 6.665009, -9.891785, -3.984193, 7.027649, -9.928253, 6.015852, 6.028992, 0, 0
-13.907684, 1.014910, 6.665009, -9.891785, -3.984193, 7.027649, -9.928253, 6.015852, 6.028992, 0.999878, -0.000382, -0.011047, 0.000000,-12.907806, 1.014527, 6.653961, -8.891998, -3.984684, 7.016205, -8.928284, 6.015393, 6.017822, 0, 0
-12.907806, 1.014527, 6.653961, -8.891998, -3.984684, 7.016205, -8.928284, 6.015393, 6.017822, 0.879974, -0.020698, -0.010040, 0.000000,-12.027832, 0.993830, 6.643921, -8.012146, -4.005502, 7.005798, -8.048218, 5.994601, 6.007660, 0, 0
-12.027832, 0.993830, 6.643921, -8.012146, -4.005502, 7.005798, -8.048218, 5.994601, 6.007660, 0.999756, -0.020670, -0.010956, 0.000000,-11.028076, 0.973160, 6.632965, -7.012512, -4.026309, 6.994385, -7.048340, 5.973835, 5.996613, 0, 0
-11.028076, 0.973160, 6.632965, -7.012512, -4.026309, 6.994385, -7.048340, 5.973835, 5.996613, 0.999512, -0.020918, -0.010681, 0.000000,-10.028564, 0.952242, 6.622284, -6.013184, -4.047387, 6.983276, -6.048706, 5.952792, 5.985870, 0, 0
-10.028564, 0.952242, 6.622284, -6.013184, -4.047387, 6.983276, -6.048706, 5.952792, 5.985870, 0.999664, -0.001902, -0.010895, 0.000000,-9.028900, 0.950340, 6.611389, -5.013672, -4.049455, 6.971954, -5.048889, 5.950759, 5.974884, 0, 0
-9.028900, 0.950340, 6.611389, -5.013672, -4.049455, 6.971954, -5.048889, 5.950759, 5.974884, 0.839813, -0.001247, -0.009460, 0.000000,-8.189087, 0.949093, 6.601929, -4.174011, -4.050848, 6.962097, -4.208923, 5.949405, 5.965393, 0, 0
-8.189087, 0.949093, 6.601929, -4.174011, -4.050848, 6.962097, -4.208923, 5.949405, 5.965393, 0.999542, -0.021651, -0.011047, -0.950000,-7.189545, 0.927442, 6.590881, -3.174622, -4.072689, 6.950623, -3.209229, 5.927601, 5.954315, 0, 0
-7.189545, 0.927442, 6.590881, -3.174622, -4.072689, 6.950623, -3.209229, 5.927601, 5.954315, -0.000153, -0.000298, 0.000092, -0.950000,-7.189697, 0.927144, 6.590973, -3.174805, -3.122971, 6.951050, -3.209412, 4.977230, 5.954102, 0, 0
-7.189697, 0.927144, 6.590973, -3.174805, -3.122971, 6.951050, -3.209412, 4.977230, 5.954102, -0.012726, -0.002045, 0.104492, 0.000000,-7.202423, 0.925099, 6.695465, -3.186707, -2.745048, 7.046234, -3.223633, 4.595123, 6.049072, 1, 1
